subreddit,population,cohort_design,horizon_hours,eligible_roots,observed_descendant_comments,comments_within_horizon,cumulative_comment_pct
conspiracy,final_cleaned_all_roots,horizon_specific,1,11374,365906,78511,21.456603608577066
conspiracy,final_cleaned_all_roots,common_7d,1,8634,282137,58694,20.80336857625905
conspiracy,final_cleaned_all_roots,horizon_specific,6,11277,364564,207888,57.023732458498365
conspiracy,final_cleaned_all_roots,common_7d,6,8634,282137,157855,55.94976908381389
conspiracy,final_cleaned_all_roots,horizon_specific,12,11181,360842,277984,77.03759540186563
conspiracy,final_cleaned_all_roots,common_7d,12,8634,282137,215321,76.31788811818372
conspiracy,final_cleaned_all_roots,horizon_specific,24,11019,356131,334147,93.8269906298525
conspiracy,final_cleaned_all_roots,common_7d,24,8634,282137,263708,93.46806693202238
conspiracy,final_cleaned_all_roots,horizon_specific,48,10627,344844,337973,98.00750484276949
conspiracy,final_cleaned_all_roots,common_7d,48,8634,282137,276088,97.8560061246841
conspiracy,final_cleaned_all_roots,horizon_specific,72,10243,333258,329434,98.85254067419237
conspiracy,final_cleaned_all_roots,common_7d,72,8634,282137,278575,98.73749277833109
conspiracy,final_cleaned_all_roots,horizon_specific,168,8634,282137,281264,99.69057585499243
conspiracy,final_cleaned_all_roots,common_7d,168,8634,282137,281264,99.69057585499243
crypto,final_cleaned_all_roots,horizon_specific,1,14803,392628,128419,32.70755014925069
crypto,final_cleaned_all_roots,common_7d,1,10970,302049,100395,33.237984565418195
crypto,final_cleaned_all_roots,horizon_specific,6,14697,391045,247301,63.241059213134044
crypto,final_cleaned_all_roots,common_7d,6,10970,302049,193263,63.98398935272092
crypto,final_cleaned_all_roots,horizon_specific,12,14550,388018,304173,78.39146637527125
crypto,final_cleaned_all_roots,common_7d,12,10970,302049,239030,79.13616664845769
crypto,final_cleaned_all_roots,horizon_specific,24,14392,382152,374568,98.01544934999686
crypto,final_cleaned_all_roots,common_7d,24,10970,302049,296264,98.0847478389268
crypto,final_cleaned_all_roots,horizon_specific,48,13911,366650,365078,99.57125323878358
crypto,final_cleaned_all_roots,common_7d,48,10970,302049,300646,99.5355058285245
crypto,final_cleaned_all_roots,horizon_specific,72,13379,355828,354841,99.7226187933496
crypto,final_cleaned_all_roots,common_7d,72,10970,302049,301115,99.69077864849743
crypto,final_cleaned_all_roots,horizon_specific,168,10970,302049,301694,99.88246940066016
crypto,final_cleaned_all_roots,common_7d,168,10970,302049,301694,99.88246940066016
politics,final_cleaned_all_roots,horizon_specific,1,65241,3573831,720139,20.15033727112446
politics,final_cleaned_all_roots,common_7d,1,56338,3097111,619028,19.98727200930157
politics,final_cleaned_all_roots,horizon_specific,6,64817,3563250,2502862,70.24098786220445
politics,final_cleaned_all_roots,common_7d,6,56338,3097111,2179157,70.36095897111856
politics,final_cleaned_all_roots,horizon_specific,12,64386,3540068,3231900,91.29485648298281
politics,final_cleaned_all_roots,common_7d,12,56338,3097111,2828865,91.33883157561999
politics,final_cleaned_all_roots,horizon_specific,24,64045,3519693,3470231,98.5947069815464
politics,final_cleaned_all_roots,common_7d,24,56338,3097111,3053302,98.5854882178908
politics,final_cleaned_all_roots,horizon_specific,48,62776,3454464,3439217,99.5586290666222
politics,final_cleaned_all_roots,common_7d,48,56338,3097111,3083083,99.54706176175152
politics,final_cleaned_all_roots,horizon_specific,72,61572,3390744,3381029,99.7134847101403
politics,final_cleaned_all_roots,common_7d,72,56338,3097111,3087865,99.70146371893031
politics,final_cleaned_all_roots,horizon_specific,168,56338,3097111,3093292,99.8766915360799
politics,final_cleaned_all_roots,common_7d,168,56338,3097111,3093292,99.8766915360799
