subreddit,stage,exclusion,minimum_followup_hours,true_class_index,true_class,predicted_class_index,predicted_class,count,within_true_class_pct,whole_subset_pct
conspiracy,stage1,full_heldout,,0,Stalled,0,Stalled,38,12.025316455696203,1.6673979815708644
conspiracy,stage1,full_heldout,,0,Stalled,1,Started,278,87.9746835443038,12.198332602018429
conspiracy,stage1,full_heldout,,1,Started,0,Stalled,3,0.15282730514518594,0.13163668275559456
conspiracy,stage1,full_heldout,,1,Started,1,Started,1960,99.84717269485482,86.00263273365512
conspiracy,stage1,at_least_24h,24.0,0,Stalled,0,Stalled,32,11.808118081180812,1.6815554387808722
conspiracy,stage1,at_least_24h,24.0,0,Stalled,1,Started,239,88.19188191881919,12.55911718339464
conspiracy,stage1,at_least_24h,24.0,1,Started,0,Stalled,2,0.12254901960784313,0.10509721492380451
conspiracy,stage1,at_least_24h,24.0,1,Started,1,Started,1630,99.87745098039215,85.65423016290067
conspiracy,stage1,at_least_48h,48.0,0,Stalled,0,Stalled,27,12.32876712328767,1.786896095301125
conspiracy,stage1,at_least_48h,48.0,0,Stalled,1,Started,192,87.67123287671232,12.706816677696889
conspiracy,stage1,at_least_48h,48.0,1,Started,0,Stalled,2,0.15479876160990713,0.13236267372600927
conspiracy,stage1,at_least_48h,48.0,1,Started,1,Started,1290,99.84520123839009,85.37392455327598
conspiracy,stage1,at_least_72h,72.0,0,Stalled,0,Stalled,24,13.953488372093023,2.129547471162378
conspiracy,stage1,at_least_72h,72.0,0,Stalled,1,Started,148,86.04651162790698,13.13220940550133
conspiracy,stage1,at_least_72h,72.0,1,Started,0,Stalled,2,0.20942408376963353,0.1774622892635315
conspiracy,stage1,at_least_72h,72.0,1,Started,1,Started,953,99.79057591623037,84.56078083407276
conspiracy,stage1,at_least_168h,168.0,0,Stalled,0,Stalled,0,,
conspiracy,stage1,at_least_168h,168.0,0,Stalled,1,Started,0,,
conspiracy,stage1,at_least_168h,168.0,1,Started,0,Stalled,0,,
conspiracy,stage1,at_least_168h,168.0,1,Started,1,Started,0,,
conspiracy,stage2,full_heldout,,0,Stalled,0,Stalled,73,23.10126582278481,3.203159280386134
conspiracy,stage2,full_heldout,,0,Stalled,1,Small,102,32.278481012658226,4.475647213690214
conspiracy,stage2,full_heldout,,0,Stalled,2,Medium,91,28.79746835443038,3.9929793769197017
conspiracy,stage2,full_heldout,,0,Stalled,3,Large,50,15.822784810126583,2.1939447125932423
conspiracy,stage2,full_heldout,,1,Small,0,Stalled,22,3.1161473087818696,0.9653356735410268
conspiracy,stage2,full_heldout,,1,Small,1,Small,386,54.6742209631728,16.937253181219834
conspiracy,stage2,full_heldout,,1,Small,2,Medium,178,25.21246458923513,7.810443176831944
conspiracy,stage2,full_heldout,,1,Small,3,Large,120,16.997167138810198,5.265467310223782
conspiracy,stage2,full_heldout,,2,Medium,0,Stalled,20,3.1695721077654517,0.8775778850372972
conspiracy,stage2,full_heldout,,2,Medium,1,Small,238,37.717908082408876,10.443176831943834
conspiracy,stage2,full_heldout,,2,Medium,2,Medium,210,33.28050713153724,9.21456779289162
conspiracy,stage2,full_heldout,,2,Medium,3,Large,163,25.83201267828843,7.152259763053971
conspiracy,stage2,full_heldout,,3,Large,0,Stalled,14,2.2364217252396164,0.614304519526108
conspiracy,stage2,full_heldout,,3,Large,1,Small,155,24.76038338658147,6.801228609039052
conspiracy,stage2,full_heldout,,3,Large,2,Medium,198,31.629392971246006,8.68802106186924
conspiracy,stage2,full_heldout,,3,Large,3,Large,259,41.373801916932905,11.364633611232996
conspiracy,stage2,at_least_24h,24.0,0,Stalled,0,Stalled,66,24.354243542435423,3.4682080924855487
conspiracy,stage2,at_least_24h,24.0,0,Stalled,1,Small,83,30.627306273062732,4.361534419337888
conspiracy,stage2,at_least_24h,24.0,0,Stalled,2,Medium,81,29.88929889298893,4.256437204414083
conspiracy,stage2,at_least_24h,24.0,0,Stalled,3,Large,41,15.129151291512915,2.1544929059379925
conspiracy,stage2,at_least_24h,24.0,1,Small,0,Stalled,18,3.0821917808219177,0.9458749343142407
conspiracy,stage2,at_least_24h,24.0,1,Small,1,Small,323,55.3082191780822,16.97320021019443
conspiracy,stage2,at_least_24h,24.0,1,Small,2,Medium,148,25.34246575342466,7.777193904361535
conspiracy,stage2,at_least_24h,24.0,1,Small,3,Large,95,16.267123287671232,4.9921177088807145
conspiracy,stage2,at_least_24h,24.0,2,Medium,0,Stalled,18,3.435114503816794,0.9458749343142407
conspiracy,stage2,at_least_24h,24.0,2,Medium,1,Small,202,38.54961832061068,10.614818707304256
conspiracy,stage2,at_least_24h,24.0,2,Medium,2,Medium,171,32.63358778625955,8.985811875985286
conspiracy,stage2,at_least_24h,24.0,2,Medium,3,Large,133,25.38167938931298,6.988964792433
conspiracy,stage2,at_least_24h,24.0,3,Large,0,Stalled,11,2.099236641221374,0.5780346820809248
conspiracy,stage2,at_least_24h,24.0,3,Large,1,Small,138,26.33587786259542,7.251707829742513
conspiracy,stage2,at_least_24h,24.0,3,Large,2,Medium,166,31.679389312977097,8.723068838675776
conspiracy,stage2,at_least_24h,24.0,3,Large,3,Large,209,39.88549618320611,10.982658959537572
conspiracy,stage2,at_least_48h,48.0,0,Stalled,0,Stalled,59,26.94063926940639,3.9046988749172735
conspiracy,stage2,at_least_48h,48.0,0,Stalled,1,Small,61,27.85388127853881,4.037061548643282
conspiracy,stage2,at_least_48h,48.0,0,Stalled,2,Medium,63,28.767123287671232,4.169424222369292
conspiracy,stage2,at_least_48h,48.0,0,Stalled,3,Large,36,16.43835616438356,2.382528127068167
conspiracy,stage2,at_least_48h,48.0,1,Small,0,Stalled,15,3.289473684210526,0.9927200529450696
conspiracy,stage2,at_least_48h,48.0,1,Small,1,Small,251,55.04385964912281,16.61151555261416
conspiracy,stage2,at_least_48h,48.0,1,Small,2,Medium,115,25.219298245614034,7.610853739245532
conspiracy,stage2,at_least_48h,48.0,1,Small,3,Large,75,16.447368421052634,4.963600264725347
conspiracy,stage2,at_least_48h,48.0,2,Medium,0,Stalled,15,3.614457831325301,0.9927200529450696
conspiracy,stage2,at_least_48h,48.0,2,Medium,1,Small,167,40.24096385542168,11.052283256121774
conspiracy,stage2,at_least_48h,48.0,2,Medium,2,Medium,130,31.32530120481928,8.603573792190602
conspiracy,stage2,at_least_48h,48.0,2,Medium,3,Large,103,24.819277108433734,6.816677696889477
conspiracy,stage2,at_least_48h,48.0,3,Large,0,Stalled,10,2.375296912114014,0.6618133686300464
conspiracy,stage2,at_least_48h,48.0,3,Large,1,Small,110,26.128266033254157,7.279947054930509
conspiracy,stage2,at_least_48h,48.0,3,Large,2,Medium,127,30.16627078384798,8.40502978160159
conspiracy,stage2,at_least_48h,48.0,3,Large,3,Large,174,41.33016627078385,11.515552614162807
conspiracy,stage2,at_least_72h,72.0,0,Stalled,0,Stalled,52,30.23255813953488,4.614019520851819
conspiracy,stage2,at_least_72h,72.0,0,Stalled,1,Small,40,23.25581395348837,3.54924578527063
conspiracy,stage2,at_least_72h,72.0,0,Stalled,2,Medium,51,29.651162790697676,4.525288376220053
conspiracy,stage2,at_least_72h,72.0,0,Stalled,3,Large,29,16.86046511627907,2.5732031943212066
conspiracy,stage2,at_least_72h,72.0,1,Small,0,Stalled,10,3.0120481927710845,0.8873114463176575
conspiracy,stage2,at_least_72h,72.0,1,Small,1,Small,187,56.325301204819276,16.592724046140194
conspiracy,stage2,at_least_72h,72.0,1,Small,2,Medium,79,23.795180722891565,7.009760425909494
conspiracy,stage2,at_least_72h,72.0,1,Small,3,Large,56,16.867469879518072,4.968944099378882
conspiracy,stage2,at_least_72h,72.0,2,Medium,0,Stalled,12,3.8338658146964857,1.064773735581189
conspiracy,stage2,at_least_72h,72.0,2,Medium,1,Small,124,39.61661341853035,11.002661934338953
conspiracy,stage2,at_least_72h,72.0,2,Medium,2,Medium,98,31.309904153354633,8.695652173913043
conspiracy,stage2,at_least_72h,72.0,2,Medium,3,Large,79,25.23961661341853,7.009760425909494
conspiracy,stage2,at_least_72h,72.0,3,Large,0,Stalled,7,2.258064516129032,0.6211180124223602
conspiracy,stage2,at_least_72h,72.0,3,Large,1,Small,84,27.09677419354839,7.453416149068323
conspiracy,stage2,at_least_72h,72.0,3,Large,2,Medium,93,30.0,8.251996450754215
conspiracy,stage2,at_least_72h,72.0,3,Large,3,Large,126,40.64516129032258,11.180124223602485
conspiracy,stage2,at_least_168h,168.0,0,Stalled,0,Stalled,0,,
conspiracy,stage2,at_least_168h,168.0,0,Stalled,1,Small,0,,
conspiracy,stage2,at_least_168h,168.0,0,Stalled,2,Medium,0,,
conspiracy,stage2,at_least_168h,168.0,0,Stalled,3,Large,0,,
conspiracy,stage2,at_least_168h,168.0,1,Small,0,Stalled,0,,
conspiracy,stage2,at_least_168h,168.0,1,Small,1,Small,0,,
conspiracy,stage2,at_least_168h,168.0,1,Small,2,Medium,0,,
conspiracy,stage2,at_least_168h,168.0,1,Small,3,Large,0,,
conspiracy,stage2,at_least_168h,168.0,2,Medium,0,Stalled,0,,
conspiracy,stage2,at_least_168h,168.0,2,Medium,1,Small,0,,
conspiracy,stage2,at_least_168h,168.0,2,Medium,2,Medium,0,,
conspiracy,stage2,at_least_168h,168.0,2,Medium,3,Large,0,,
conspiracy,stage2,at_least_168h,168.0,3,Large,0,Stalled,0,,
conspiracy,stage2,at_least_168h,168.0,3,Large,1,Small,0,,
conspiracy,stage2,at_least_168h,168.0,3,Large,2,Medium,0,,
conspiracy,stage2,at_least_168h,168.0,3,Large,3,Large,0,,
crypto,stage1,full_heldout,,0,Stalled,0,Stalled,1555,91.903073286052,52.46288798920378
crypto,stage1,full_heldout,,0,Stalled,1,Started,137,8.09692671394799,4.622132253711201
crypto,stage1,full_heldout,,1,Started,0,Stalled,538,42.29559748427673,18.15114709851552
crypto,stage1,full_heldout,,1,Started,1,Started,734,57.704402515723274,24.763832658569502
crypto,stage1,at_least_24h,24.0,0,Stalled,0,Stalled,1318,91.97487787857641,51.93065405831363
crypto,stage1,at_least_24h,24.0,0,Stalled,1,Started,115,8.025122121423585,4.531126871552404
crypto,stage1,at_least_24h,24.0,1,Started,0,Stalled,463,41.90045248868778,18.242710795902287
crypto,stage1,at_least_24h,24.0,1,Started,1,Started,642,58.099547511312224,25.295508274231675
crypto,stage1,at_least_48h,48.0,0,Stalled,0,Stalled,1060,92.09383145091226,51.53135634419057
crypto,stage1,at_least_48h,48.0,0,Stalled,1,Started,91,7.90616854908775,4.423918327661643
crypto,stage1,at_least_48h,48.0,1,Started,0,Stalled,376,41.501103752759384,18.279047156052503
crypto,stage1,at_least_48h,48.0,1,Started,1,Started,530,58.498896247240616,25.765678172095285
crypto,stage1,at_least_72h,72.0,0,Stalled,0,Stalled,803,93.37209302325581,52.65573770491804
crypto,stage1,at_least_72h,72.0,0,Stalled,1,Started,57,6.627906976744185,3.7377049180327866
crypto,stage1,at_least_72h,72.0,1,Started,0,Stalled,280,42.10526315789473,18.360655737704917
crypto,stage1,at_least_72h,72.0,1,Started,1,Started,385,57.89473684210527,25.245901639344265
crypto,stage1,at_least_168h,168.0,0,Stalled,0,Stalled,0,,
crypto,stage1,at_least_168h,168.0,0,Stalled,1,Started,0,,
crypto,stage1,at_least_168h,168.0,1,Started,0,Stalled,0,,
crypto,stage1,at_least_168h,168.0,1,Started,1,Started,0,,
crypto,stage2,full_heldout,,0,Stalled,0,Stalled,1589,93.91252955082743,53.60998650472335
crypto,stage2,full_heldout,,0,Stalled,1,Small,18,1.0638297872340425,0.6072874493927125
crypto,stage2,full_heldout,,0,Stalled,2,Medium,56,3.309692671394799,1.8893387314439947
crypto,stage2,full_heldout,,0,Stalled,3,Large,29,1.7139479905437354,0.9784075573549258
crypto,stage2,full_heldout,,1,Small,0,Stalled,286,56.07843137254902,9.649122807017543
crypto,stage2,full_heldout,,1,Small,1,Small,51,10.0,1.7206477732793521
crypto,stage2,full_heldout,,1,Small,2,Medium,152,29.80392156862745,5.128205128205128
crypto,stage2,full_heldout,,1,Small,3,Large,21,4.117647058823529,0.708502024291498
crypto,stage2,full_heldout,,2,Medium,0,Stalled,148,38.34196891191709,4.993252361673414
crypto,stage2,full_heldout,,2,Medium,1,Small,56,14.507772020725387,1.8893387314439947
crypto,stage2,full_heldout,,2,Medium,2,Medium,154,39.89637305699482,5.195681511470985
crypto,stage2,full_heldout,,2,Medium,3,Large,28,7.253886010362693,0.9446693657219973
crypto,stage2,full_heldout,,3,Large,0,Stalled,190,50.53191489361703,6.41025641025641
crypto,stage2,full_heldout,,3,Large,1,Small,27,7.180851063829788,0.9109311740890688
crypto,stage2,full_heldout,,3,Large,2,Medium,94,25.0,3.1713900134952766
crypto,stage2,full_heldout,,3,Large,3,Large,65,17.287234042553195,2.1929824561403506
crypto,stage2,at_least_24h,24.0,0,Stalled,0,Stalled,1353,94.41730635031402,53.30969267139481
crypto,stage2,at_least_24h,24.0,0,Stalled,1,Small,17,1.1863224005582695,0.6698187549251379
crypto,stage2,at_least_24h,24.0,0,Stalled,2,Medium,47,3.279832519190509,1.8518518518518516
crypto,stage2,at_least_24h,24.0,0,Stalled,3,Large,16,1.1165387299371947,0.6304176516942475
crypto,stage2,at_least_24h,24.0,1,Small,0,Stalled,253,55.84988962472406,9.968479117415288
crypto,stage2,at_least_24h,24.0,1,Small,1,Small,48,10.596026490066226,1.8912529550827424
crypto,stage2,at_least_24h,24.0,1,Small,2,Medium,131,28.918322295805737,5.161544523246651
crypto,stage2,at_least_24h,24.0,1,Small,3,Large,21,4.635761589403973,0.8274231678486997
crypto,stage2,at_least_24h,24.0,2,Medium,0,Stalled,128,37.64705882352941,5.04334121355398
crypto,stage2,at_least_24h,24.0,2,Medium,1,Small,53,15.588235294117647,2.0882584712371943
crypto,stage2,at_least_24h,24.0,2,Medium,2,Medium,132,38.82352941176471,5.200945626477541
crypto,stage2,at_least_24h,24.0,2,Medium,3,Large,27,7.941176470588235,1.0638297872340425
crypto,stage2,at_least_24h,24.0,3,Large,0,Stalled,160,51.28205128205128,6.304176516942474
crypto,stage2,at_least_24h,24.0,3,Large,1,Small,24,7.6923076923076925,0.9456264775413712
crypto,stage2,at_least_24h,24.0,3,Large,2,Medium,78,25.0,3.0732860520094563
crypto,stage2,at_least_24h,24.0,3,Large,3,Large,50,16.025641025641026,1.9700551615445234
crypto,stage2,at_least_48h,48.0,0,Stalled,0,Stalled,1086,94.35273675065162,52.79533300923676
crypto,stage2,at_least_48h,48.0,0,Stalled,1,Small,14,1.2163336229365769,0.6806028196402528
crypto,stage2,at_least_48h,48.0,0,Stalled,2,Medium,38,3.301476976542137,1.8473505104521146
crypto,stage2,at_least_48h,48.0,0,Stalled,3,Large,13,1.1294526498696786,0.6319883325230918
crypto,stage2,at_least_48h,48.0,1,Small,0,Stalled,213,55.181347150259064,10.354885755955275
crypto,stage2,at_least_48h,48.0,1,Small,1,Small,43,11.139896373056994,2.0904229460379193
crypto,stage2,at_least_48h,48.0,1,Small,2,Medium,113,29.274611398963728,5.493437044239183
crypto,stage2,at_least_48h,48.0,1,Small,3,Large,17,4.404145077720207,0.8264462809917356
crypto,stage2,at_least_48h,48.0,2,Medium,0,Stalled,102,36.55913978494624,4.958677685950414
crypto,stage2,at_least_48h,48.0,2,Medium,1,Small,45,16.129032258064516,2.1876519202722413
crypto,stage2,at_least_48h,48.0,2,Medium,2,Medium,108,38.70967741935484,5.250364608653379
crypto,stage2,at_least_48h,48.0,2,Medium,3,Large,24,8.60215053763441,1.166747690811862
crypto,stage2,at_least_48h,48.0,3,Large,0,Stalled,120,49.79253112033195,5.83373845405931
crypto,stage2,at_least_48h,48.0,3,Large,1,Small,21,8.71369294605809,1.0209042294603792
crypto,stage2,at_least_48h,48.0,3,Large,2,Medium,61,25.311203319502074,2.9654837141468158
crypto,stage2,at_least_48h,48.0,3,Large,3,Large,39,16.182572614107883,1.8959649975692758
crypto,stage2,at_least_72h,72.0,0,Stalled,0,Stalled,815,94.76744186046511,53.442622950819676
crypto,stage2,at_least_72h,72.0,0,Stalled,1,Small,9,1.0465116279069768,0.5901639344262295
crypto,stage2,at_least_72h,72.0,0,Stalled,2,Medium,26,3.0232558139534884,1.7049180327868854
crypto,stage2,at_least_72h,72.0,0,Stalled,3,Large,10,1.1627906976744187,0.6557377049180327
crypto,stage2,at_least_72h,72.0,1,Small,0,Stalled,158,56.22775800711744,10.360655737704919
crypto,stage2,at_least_72h,72.0,1,Small,1,Small,31,11.032028469750891,2.0327868852459017
crypto,stage2,at_least_72h,72.0,1,Small,2,Medium,80,28.46975088967972,5.245901639344262
crypto,stage2,at_least_72h,72.0,1,Small,3,Large,12,4.270462633451958,0.7868852459016393
crypto,stage2,at_least_72h,72.0,2,Medium,0,Stalled,74,35.406698564593306,4.852459016393443
crypto,stage2,at_least_72h,72.0,2,Medium,1,Small,36,17.22488038277512,2.360655737704918
crypto,stage2,at_least_72h,72.0,2,Medium,2,Medium,81,38.75598086124402,5.311475409836065
crypto,stage2,at_least_72h,72.0,2,Medium,3,Large,18,8.61244019138756,1.180327868852459
crypto,stage2,at_least_72h,72.0,3,Large,0,Stalled,89,50.857142857142854,5.836065573770491
crypto,stage2,at_least_72h,72.0,3,Large,1,Small,14,8.0,0.9180327868852459
crypto,stage2,at_least_72h,72.0,3,Large,2,Medium,44,25.142857142857146,2.8852459016393444
crypto,stage2,at_least_72h,72.0,3,Large,3,Large,28,16.0,1.8360655737704918
crypto,stage2,at_least_168h,168.0,0,Stalled,0,Stalled,0,,
crypto,stage2,at_least_168h,168.0,0,Stalled,1,Small,0,,
crypto,stage2,at_least_168h,168.0,0,Stalled,2,Medium,0,,
crypto,stage2,at_least_168h,168.0,0,Stalled,3,Large,0,,
crypto,stage2,at_least_168h,168.0,1,Small,0,Stalled,0,,
crypto,stage2,at_least_168h,168.0,1,Small,1,Small,0,,
crypto,stage2,at_least_168h,168.0,1,Small,2,Medium,0,,
crypto,stage2,at_least_168h,168.0,1,Small,3,Large,0,,
crypto,stage2,at_least_168h,168.0,2,Medium,0,Stalled,0,,
crypto,stage2,at_least_168h,168.0,2,Medium,1,Small,0,,
crypto,stage2,at_least_168h,168.0,2,Medium,2,Medium,0,,
crypto,stage2,at_least_168h,168.0,2,Medium,3,Large,0,,
crypto,stage2,at_least_168h,168.0,3,Large,0,Stalled,0,,
crypto,stage2,at_least_168h,168.0,3,Large,1,Small,0,,
crypto,stage2,at_least_168h,168.0,3,Large,2,Medium,0,,
crypto,stage2,at_least_168h,168.0,3,Large,3,Large,0,,
politics,stage1,full_heldout,,0,Stalled,0,Stalled,2748,70.89783281733746,21.026857448924936
politics,stage1,full_heldout,,0,Stalled,1,Started,1128,29.102167182662537,8.631111791261764
politics,stage1,full_heldout,,1,Started,0,Stalled,539,5.86315674970086,4.124263524370648
politics,stage1,full_heldout,,1,Started,1,Started,8654,94.13684325029914,66.21776723544265
politics,stage1,at_least_24h,24.0,0,Stalled,0,Stalled,2570,72.02914798206278,21.83331917424178
politics,stage1,at_least_24h,24.0,0,Stalled,1,Started,998,27.97085201793722,8.478464021748366
politics,stage1,at_least_24h,24.0,1,Started,0,Stalled,484,5.900280385224918,4.111800186900009
politics,stage1,at_least_24h,24.0,1,Started,1,Started,7719,94.09971961477508,65.57641661710984
politics,stage1,at_least_48h,48.0,0,Stalled,0,Stalled,2387,72.77439024390245,22.72900399923824
politics,stage1,at_least_48h,48.0,0,Stalled,1,Started,893,27.225609756097562,8.503142258617407
politics,stage1,at_least_48h,48.0,1,Started,0,Stalled,445,6.161728053170867,4.23728813559322
politics,stage1,at_least_48h,48.0,1,Started,1,Started,6777,93.83827194682914,64.53056560655114
politics,stage1,at_least_72h,72.0,0,Stalled,0,Stalled,2188,73.0550918196995,23.531942353194236
politics,stage1,at_least_72h,72.0,0,Stalled,1,Started,807,26.9449081803005,8.679285867928586
politics,stage1,at_least_72h,72.0,1,Started,0,Stalled,394,6.250991591305727,4.237470423747043
politics,stage1,at_least_72h,72.0,1,Started,1,Started,5909,93.74900840869427,63.55130135513014
politics,stage1,at_least_168h,168.0,0,Stalled,0,Stalled,856,71.27393838467944,21.062992125984252
politics,stage1,at_least_168h,168.0,0,Stalled,1,Started,345,28.726061615320564,8.489173228346457
politics,stage1,at_least_168h,168.0,1,Started,0,Stalled,191,6.6713237862382115,4.699803149606299
politics,stage1,at_least_168h,168.0,1,Started,1,Started,2672,93.32867621376178,65.74803149606299
politics,stage2,full_heldout,,0,Stalled,0,Stalled,2807,72.42002063983489,21.47830744509909
politics,stage2,full_heldout,,0,Stalled,1,Small,592,15.273477812177502,4.529803351442344
politics,stage2,full_heldout,,0,Stalled,2,Medium,232,5.985552115583075,1.775193205294973
politics,stage2,full_heldout,,0,Stalled,3,Large,245,6.32094943240454,1.8746652383502946
politics,stage2,full_heldout,,1,Small,0,Stalled,346,11.845258473125641,2.6474864182416407
politics,stage2,full_heldout,,1,Small,1,Small,1371,46.935980828483395,10.49047363991124
politics,stage2,full_heldout,,1,Small,2,Medium,514,17.596713454296474,3.9329711531104135
politics,stage2,full_heldout,,1,Small,3,Large,690,23.62204724409449,5.279669446782463
politics,stage2,full_heldout,,2,Medium,0,Stalled,297,9.516180711310477,2.2725533705715817
politics,stage2,full_heldout,,2,Medium,1,Small,1188,38.06472284524191,9.090213482286327
politics,stage2,full_heldout,,2,Medium,2,Medium,668,21.403396347324573,5.111332160073456
politics,stage2,full_heldout,,2,Medium,3,Large,968,31.015700096123037,7.406840615196265
politics,stage2,full_heldout,,3,Large,0,Stalled,267,8.473500476039353,2.0430025250593005
politics,stage2,full_heldout,,3,Large,1,Small,885,28.08632180260235,6.7717499426122885
politics,stage2,full_heldout,,3,Large,2,Medium,531,16.851793081561407,4.063049965567373
politics,stage2,full_heldout,,3,Large,3,Large,1468,46.58838463979689,11.232688040400948
politics,stage2,at_least_24h,24.0,0,Stalled,0,Stalled,2627,73.62668161434978,22.31756010534364
politics,stage2,at_least_24h,24.0,0,Stalled,1,Small,526,14.742152466367713,4.468609294027695
politics,stage2,at_least_24h,24.0,0,Stalled,2,Medium,213,5.969730941704036,1.8095319004332682
politics,stage2,at_least_24h,24.0,0,Stalled,3,Large,202,5.661434977578475,1.7160818961855406
politics,stage2,at_least_24h,24.0,1,Small,0,Stalled,305,11.900117050331643,2.5911137541415346
politics,stage2,at_least_24h,24.0,1,Small,1,Small,1199,46.78111587982833,10.186050463002294
politics,stage2,at_least_24h,24.0,1,Small,2,Medium,447,17.44049941474834,3.79746835443038
politics,stage2,at_least_24h,24.0,1,Small,3,Large,612,23.87826765509169,5.199218418146292
politics,stage2,at_least_24h,24.0,2,Medium,0,Stalled,264,9.46236559139785,2.242800101945459
politics,stage2,at_least_24h,24.0,2,Medium,1,Small,1059,37.95698924731183,8.996686772576671
politics,stage2,at_least_24h,24.0,2,Medium,2,Medium,595,21.32616487455197,5.054795684308895
politics,stage2,at_least_24h,24.0,2,Medium,3,Large,872,31.25448028673835,7.4080367003653045
politics,stage2,at_least_24h,24.0,3,Large,0,Stalled,244,8.56140350877193,2.0728910033132273
politics,stage2,at_least_24h,24.0,3,Large,1,Small,815,28.596491228070175,6.923795769263444
politics,stage2,at_least_24h,24.0,3,Large,2,Medium,490,17.192982456140353,4.162772916489678
politics,stage2,at_least_24h,24.0,3,Large,3,Large,1301,45.64912280701755,11.052586866026676
politics,stage2,at_least_48h,48.0,0,Stalled,0,Stalled,2438,74.32926829268293,23.214625785564653
politics,stage2,at_least_48h,48.0,0,Stalled,1,Small,472,14.390243902439023,4.49438202247191
politics,stage2,at_least_48h,48.0,0,Stalled,2,Medium,190,5.7926829268292686,1.8091792039611505
politics,stage2,at_least_48h,48.0,0,Stalled,3,Large,180,5.487804878048781,1.7139592458579318
politics,stage2,at_least_48h,48.0,1,Small,0,Stalled,276,12.244897959183673,2.6280708436488287
politics,stage2,at_least_48h,48.0,1,Small,1,Small,1048,46.495119787045255,9.979051609217292
politics,stage2,at_least_48h,48.0,1,Small,2,Medium,395,17.524401064773738,3.761188345077128
politics,stage2,at_least_48h,48.0,1,Small,3,Large,535,23.735581188997337,5.094267758522186
politics,stage2,at_least_48h,48.0,2,Medium,0,Stalled,237,9.657701711491443,2.256713007046277
politics,stage2,at_least_48h,48.0,2,Medium,1,Small,921,37.530562347188265,8.769758141306419
politics,stage2,at_least_48h,48.0,2,Medium,2,Medium,531,21.638141809290953,5.056179775280898
politics,stage2,at_least_48h,48.0,2,Medium,3,Large,765,31.173594132029343,7.28432679489621
politics,stage2,at_least_48h,48.0,3,Large,0,Stalled,220,8.750994431185362,2.0948390782708057
politics,stage2,at_least_48h,48.0,3,Large,1,Small,722,28.71917263325378,6.8748809750523705
politics,stage2,at_least_48h,48.0,3,Large,2,Medium,428,17.024661893396978,4.075414206817749
politics,stage2,at_least_48h,48.0,3,Large,3,Large,1144,45.50517104216388,10.893163207008188
politics,stage2,at_least_72h,72.0,0,Stalled,0,Stalled,2234,74.59098497495826,24.02667240266724
politics,stage2,at_least_72h,72.0,0,Stalled,1,Small,435,14.524207011686144,4.678425467842547
politics,stage2,at_least_72h,72.0,0,Stalled,2,Medium,163,5.442404006677797,1.7530651753065174
politics,stage2,at_least_72h,72.0,0,Stalled,3,Large,163,5.442404006677797,1.7530651753065174
politics,stage2,at_least_72h,72.0,1,Small,0,Stalled,247,12.608473711077082,2.6564852656485267
politics,stage2,at_least_72h,72.0,1,Small,1,Small,903,46.094946401225116,9.711765971176597
politics,stage2,at_least_72h,72.0,1,Small,2,Medium,344,17.559979581419093,3.699720369972037
politics,stage2,at_least_72h,72.0,1,Small,3,Large,465,23.736600306278714,5.00107550010755
politics,stage2,at_least_72h,72.0,2,Medium,0,Stalled,205,9.561567164179104,2.204775220477522
politics,stage2,at_least_72h,72.0,2,Medium,1,Small,803,37.45335820895522,8.636265863626587
politics,stage2,at_least_72h,72.0,2,Medium,2,Medium,468,21.828358208955223,5.03334050333405
politics,stage2,at_least_72h,72.0,2,Medium,3,Large,668,31.156716417910445,7.184340718434072
politics,stage2,at_least_72h,72.0,3,Large,0,Stalled,195,8.863636363636363,2.097225209722521
politics,stage2,at_least_72h,72.0,3,Large,1,Small,630,28.636363636363637,6.775650677565068
politics,stage2,at_least_72h,72.0,3,Large,2,Medium,373,16.954545454545457,4.01161540116154
politics,stage2,at_least_72h,72.0,3,Large,3,Large,1002,45.54545454545455,10.776511077651108
politics,stage2,at_least_168h,168.0,0,Stalled,0,Stalled,877,73.02248126561199,21.57972440944882
politics,stage2,at_least_168h,168.0,0,Stalled,1,Small,188,15.653621981681932,4.625984251968504
politics,stage2,at_least_168h,168.0,0,Stalled,2,Medium,72,5.995004163197335,1.7716535433070866
politics,stage2,at_least_168h,168.0,0,Stalled,3,Large,64,5.328892589508743,1.574803149606299
politics,stage2,at_least_168h,168.0,1,Small,0,Stalled,116,12.88888888888889,2.8543307086614176
politics,stage2,at_least_168h,168.0,1,Small,1,Small,402,44.666666666666664,9.891732283464567
politics,stage2,at_least_168h,168.0,1,Small,2,Medium,173,19.22222222222222,4.256889763779528
politics,stage2,at_least_168h,168.0,1,Small,3,Large,209,23.22222222222222,5.14271653543307
politics,stage2,at_least_168h,168.0,2,Medium,0,Stalled,104,10.196078431372548,2.559055118110236
politics,stage2,at_least_168h,168.0,2,Medium,1,Small,388,38.03921568627451,9.547244094488189
politics,stage2,at_least_168h,168.0,2,Medium,2,Medium,231,22.647058823529413,5.684055118110236
politics,stage2,at_least_168h,168.0,2,Medium,3,Large,297,29.117647058823533,7.3080708661417315
politics,stage2,at_least_168h,168.0,3,Large,0,Stalled,95,10.07423117709438,2.3375984251968505
politics,stage2,at_least_168h,168.0,3,Large,1,Small,287,30.434782608695656,7.062007874015748
politics,stage2,at_least_168h,168.0,3,Large,2,Medium,165,17.497348886532343,4.06003937007874
politics,stage2,at_least_168h,168.0,3,Large,3,Large,396,41.993637327677625,9.744094488188976
