subreddit,stage,exclusion,minimum_followup_hours,class_index,observed_class,true_count,prevalence_pct,recall
conspiracy,stage1,full_heldout,,0,Stalled,316,13.865730583589295,0.12025316455696203
conspiracy,stage1,full_heldout,,1,Started,1963,86.1342694164107,0.9984717269485481
conspiracy,stage1,at_least_24h,24.0,0,Stalled,271,14.240672622175513,0.11808118081180811
conspiracy,stage1,at_least_24h,24.0,1,Started,1632,85.75932737782449,0.9987745098039216
conspiracy,stage1,at_least_48h,48.0,0,Stalled,219,14.493712772998016,0.1232876712328767
conspiracy,stage1,at_least_48h,48.0,1,Started,1292,85.50628722700199,0.9984520123839009
conspiracy,stage1,at_least_72h,72.0,0,Stalled,172,15.261756876663709,0.13953488372093023
conspiracy,stage1,at_least_72h,72.0,1,Started,955,84.73824312333629,0.9979057591623036
conspiracy,stage1,at_least_168h,168.0,0,Stalled,0,,
conspiracy,stage1,at_least_168h,168.0,1,Started,0,,
conspiracy,stage2,full_heldout,,0,Stalled,316,13.865730583589295,0.2310126582278481
conspiracy,stage2,full_heldout,,1,Small,706,30.978499341816583,0.546742209631728
conspiracy,stage2,full_heldout,,2,Medium,631,27.68758227292672,0.3328050713153724
conspiracy,stage2,full_heldout,,3,Large,626,27.468187801667398,0.41373801916932906
conspiracy,stage2,at_least_24h,24.0,0,Stalled,271,14.240672622175513,0.24354243542435425
conspiracy,stage2,at_least_24h,24.0,1,Small,584,30.68838675775092,0.553082191780822
conspiracy,stage2,at_least_24h,24.0,2,Medium,524,27.535470310036786,0.32633587786259544
conspiracy,stage2,at_least_24h,24.0,3,Large,524,27.535470310036786,0.3988549618320611
conspiracy,stage2,at_least_48h,48.0,0,Stalled,219,14.493712772998016,0.2694063926940639
conspiracy,stage2,at_least_48h,48.0,1,Small,456,30.178689609530114,0.5504385964912281
conspiracy,stage2,at_least_48h,48.0,2,Medium,415,27.465254798146923,0.3132530120481928
conspiracy,stage2,at_least_48h,48.0,3,Large,421,27.862342819324947,0.41330166270783847
conspiracy,stage2,at_least_72h,72.0,0,Stalled,172,15.261756876663709,0.3023255813953488
conspiracy,stage2,at_least_72h,72.0,1,Small,332,29.458740017746226,0.5632530120481928
conspiracy,stage2,at_least_72h,72.0,2,Medium,313,27.772848269742678,0.31309904153354634
conspiracy,stage2,at_least_72h,72.0,3,Large,310,27.50665483584738,0.4064516129032258
conspiracy,stage2,at_least_168h,168.0,0,Stalled,0,,
conspiracy,stage2,at_least_168h,168.0,1,Small,0,,
conspiracy,stage2,at_least_168h,168.0,2,Medium,0,,
conspiracy,stage2,at_least_168h,168.0,3,Large,0,,
crypto,stage1,full_heldout,,0,Stalled,1692,57.08502024291497,0.9190307328605201
crypto,stage1,full_heldout,,1,Started,1272,42.91497975708502,0.5770440251572327
crypto,stage1,at_least_24h,24.0,0,Stalled,1433,56.46178092986604,0.9197487787857641
crypto,stage1,at_least_24h,24.0,1,Started,1105,43.53821907013396,0.5809954751131222
crypto,stage1,at_least_48h,48.0,0,Stalled,1151,55.95527467185221,0.9209383145091226
crypto,stage1,at_least_48h,48.0,1,Started,906,44.04472532814779,0.5849889624724062
crypto,stage1,at_least_72h,72.0,0,Stalled,860,56.393442622950815,0.9337209302325581
crypto,stage1,at_least_72h,72.0,1,Started,665,43.606557377049185,0.5789473684210527
crypto,stage1,at_least_168h,168.0,0,Stalled,0,,
crypto,stage1,at_least_168h,168.0,1,Started,0,,
crypto,stage2,full_heldout,,0,Stalled,1692,57.08502024291497,0.9391252955082743
crypto,stage2,full_heldout,,1,Small,510,17.20647773279352,0.1
crypto,stage2,full_heldout,,2,Medium,386,13.022941970310391,0.39896373056994816
crypto,stage2,full_heldout,,3,Large,376,12.685560053981106,0.17287234042553193
crypto,stage2,at_least_24h,24.0,0,Stalled,1433,56.46178092986604,0.9441730635031402
crypto,stage2,at_least_24h,24.0,1,Small,453,17.84869976359338,0.10596026490066225
crypto,stage2,at_least_24h,24.0,2,Medium,340,13.396375098502759,0.38823529411764707
crypto,stage2,at_least_24h,24.0,3,Large,312,12.293144208037825,0.16025641025641027
crypto,stage2,at_least_48h,48.0,0,Stalled,1151,55.95527467185221,0.9435273675065161
crypto,stage2,at_least_48h,48.0,1,Small,386,18.765192027224114,0.11139896373056994
crypto,stage2,at_least_48h,48.0,2,Medium,279,13.563441905687895,0.3870967741935484
crypto,stage2,at_least_48h,48.0,3,Large,241,11.71609139523578,0.16182572614107885
crypto,stage2,at_least_72h,72.0,0,Stalled,860,56.393442622950815,0.9476744186046512
crypto,stage2,at_least_72h,72.0,1,Small,281,18.42622950819672,0.1103202846975089
crypto,stage2,at_least_72h,72.0,2,Medium,209,13.704918032786887,0.3875598086124402
crypto,stage2,at_least_72h,72.0,3,Large,175,11.475409836065573,0.16
crypto,stage2,at_least_168h,168.0,0,Stalled,0,,
crypto,stage2,at_least_168h,168.0,1,Small,0,,
crypto,stage2,at_least_168h,168.0,2,Medium,0,,
crypto,stage2,at_least_168h,168.0,3,Large,0,,
politics,stage1,full_heldout,,0,Stalled,3876,29.6579692401867,0.7089783281733746
politics,stage1,full_heldout,,1,Started,9193,70.3420307598133,0.9413684325029914
politics,stage1,at_least_24h,24.0,0,Stalled,3568,30.311783195990145,0.7202914798206278
politics,stage1,at_least_24h,24.0,1,Started,8203,69.68821680400985,0.9409971961477508
politics,stage1,at_least_48h,48.0,0,Stalled,3280,31.232146257855646,0.7277439024390244
politics,stage1,at_least_48h,48.0,1,Started,7222,68.76785374214435,0.9383827194682913
politics,stage1,at_least_72h,72.0,0,Stalled,2995,32.21122822112282,0.730550918196995
politics,stage1,at_least_72h,72.0,1,Started,6303,67.78877177887718,0.9374900840869427
politics,stage1,at_least_168h,168.0,0,Stalled,1201,29.552165354330707,0.7127393838467944
politics,stage1,at_least_168h,168.0,1,Started,2863,70.44783464566929,0.9332867621376179
politics,stage2,full_heldout,,0,Stalled,3876,29.6579692401867,0.7242002063983488
politics,stage2,full_heldout,,1,Small,2921,22.350600658045757,0.469359808284834
politics,stage2,full_heldout,,2,Medium,3121,23.88093962812763,0.21403396347324574
politics,stage2,full_heldout,,3,Large,3151,24.110490473639913,0.4658838463979689
politics,stage2,at_least_24h,24.0,0,Stalled,3568,30.311783195990145,0.7362668161434978
politics,stage2,at_least_24h,24.0,1,Small,2563,21.7738509897205,0.4678111587982833
politics,stage2,at_least_24h,24.0,2,Medium,2790,23.70231925919633,0.2132616487455197
politics,stage2,at_least_24h,24.0,3,Large,2850,24.212046555093025,0.45649122807017545
politics,stage2,at_least_48h,48.0,0,Stalled,3280,31.232146257855646,0.7432926829268293
politics,stage2,at_least_48h,48.0,1,Small,2254,21.462578556465438,0.4649511978704525
politics,stage2,at_least_48h,48.0,2,Medium,2454,23.366977718529807,0.21638141809290953
politics,stage2,at_least_48h,48.0,3,Large,2514,23.938297467149113,0.45505171042163883
politics,stage2,at_least_72h,72.0,0,Stalled,2995,32.21122822112282,0.7459098497495826
politics,stage2,at_least_72h,72.0,1,Small,1959,21.069047106904712,0.4609494640122512
politics,stage2,at_least_72h,72.0,2,Medium,2144,23.05872230587223,0.21828358208955223
politics,stage2,at_least_72h,72.0,3,Large,2200,23.661002366100238,0.45545454545454545
politics,stage2,at_least_168h,168.0,0,Stalled,1201,29.552165354330707,0.7302248126561199
politics,stage2,at_least_168h,168.0,1,Small,900,22.14566929133858,0.44666666666666666
politics,stage2,at_least_168h,168.0,2,Medium,1020,25.098425196850393,0.22647058823529412
politics,stage2,at_least_168h,168.0,3,Large,943,23.203740157480315,0.41993637327677624
