subreddit,stage,exclusion,minimum_followup_hours,retained_n,excluded_n,excluded_pct,mcc,balanced_accuracy,minimum_observed_class_n,stability_flag
conspiracy,stage1,full_heldout,,2279,0,0.0,0.30869066975760856,0.5593624457527551,316,adequate_descriptive
conspiracy,stage1,at_least_24h,24.0,1903,376,16.498464238701185,0.3082836411883134,0.5584278453078648,271,adequate_descriptive
conspiracy,stage1,at_least_48h,48.0,1511,768,33.69899078543221,0.3123650117260193,0.5608698418083888,219,adequate_descriptive
conspiracy,stage1,at_least_72h,72.0,1127,1152,50.54848617814831,0.32923102469460425,0.5687203214416169,172,adequate_descriptive
conspiracy,stage1,at_least_168h,168.0,0,2279,100.0,,,0,not_interpretable
conspiracy,stage2,full_heldout,,2279,0,0.0,0.17698743106519216,0.3810744895860694,316,adequate_descriptive
conspiracy,stage2,at_least_24h,24.0,1903,376,16.498464238701185,0.1744863000058717,0.3804538667249582,271,adequate_descriptive
conspiracy,stage2,at_least_48h,48.0,1511,768,33.69899078543221,0.17996051522536152,0.38659991598533083,219,adequate_descriptive
conspiracy,stage2,at_least_72h,72.0,1127,1152,50.54848617814831,0.189901858159613,0.39628231197007846,172,adequate_descriptive
conspiracy,stage2,at_least_168h,168.0,0,2279,100.0,,,0,not_interpretable
crypto,stage1,full_heldout,,2964,0,0.0,0.5390104344146369,0.7480373790088763,1272,adequate_descriptive
crypto,stage1,at_least_24h,24.0,2538,426,14.37246963562753,0.5426756175509225,0.7503721269494432,1105,adequate_descriptive
crypto,stage1,at_least_48h,48.0,2057,907,30.600539811066124,0.5471001521594768,0.7529636384907643,906,adequate_descriptive
crypto,stage1,at_least_72h,72.0,1525,1439,48.549257759784076,0.5603651894095028,0.7563341493268054,665,adequate_descriptive
crypto,stage1,at_least_168h,168.0,0,2964,100.0,,,0,not_interpretable
crypto,stage2,full_heldout,,2964,0,0.0,0.3299628376630122,0.4027403416259386,376,adequate_descriptive
crypto,stage2,at_least_24h,24.0,2538,426,14.37246963562753,0.32916040651785833,0.399656258194465,312,adequate_descriptive
crypto,stage2,at_least_48h,48.0,2057,907,30.600539811066124,0.3298660675920948,0.4009622078929283,241,adequate_descriptive
crypto,stage2,at_least_72h,72.0,1525,1439,48.549257759784076,0.33433244600226025,0.4013886279786501,175,adequate_descriptive
crypto,stage2,at_least_168h,168.0,0,2964,100.0,,,0,not_interpretable
politics,stage1,full_heldout,,13069,0,0.0,0.6846235188538236,0.825173380338183,3876,adequate_descriptive
politics,stage1,at_least_24h,24.0,11771,1298,9.931899915831357,0.6933808214068378,0.8306443379841892,3568,adequate_descriptive
politics,stage1,at_least_48h,48.0,10502,2567,19.64190068100084,0.6956297514436911,0.8330633109536578,3280,adequate_descriptive
politics,stage1,at_least_72h,72.0,9298,3771,28.85454128089372,0.6970143561078979,0.8340205011419688,2995,adequate_descriptive
politics,stage1,at_least_168h,168.0,4064,9005,68.90351212793634,0.6740176619198953,0.823013072992206,1201,adequate_descriptive
politics,stage2,full_heldout,,13069,0,0.0,0.3131341516068578,0.46836945613859937,2921,adequate_descriptive
politics,stage2,at_least_24h,24.0,11771,1298,9.931899915831357,0.3165921425758284,0.468457712939369,2563,adequate_descriptive
politics,stage2,at_least_48h,48.0,10502,2567,19.64190068100084,0.32237553927009144,0.4699192523279575,2254,adequate_descriptive
politics,stage2,at_least_72h,72.0,9298,3771,28.85454128089372,0.3265852448243039,0.4701493603264829,1959,adequate_descriptive
politics,stage2,at_least_168h,168.0,4064,9005,68.90351212793634,0.29497509391899973,0.4558246102087143,900,adequate_descriptive
