source_id,path_or_url,role,kind,exists,version,sha256,file_size_bytes,modified_utc,row_count,columns_or_sheets,schema,timestamp_fields,timezone_in_file,interpreted_timezone,provenance_status
conspiracy_clean_threads,L:\Documents\reddit_analyses\thread-size\Inputs\conspiracy_threads.parquet,final cleaned roots,parquet,True,Zenodo 10.5281/zenodo.17831100 v1.0 extracted mirror,8154462f14cf2b12a4e913a068828be9a73bc6d6eb9619fae17ac54a4a1040ca,3253953.0,2025-11-13T15:41:36+00:00,11395.0,thread_id|thread_size|authors|timestamp|author|score|subject_sentiment_score|success|domain|domain_pagerank|external_domain|body|subject|__index_level_0__,thread_id:string | thread_size:int64 | authors:int64 | timestamp:timestamp[ns] | author:string | score:int64 | subject_sentiment_score:double | success:int64 | domain:string | domain_pagerank:double | external_domain:int64 | body:string | subject:string | __index_level_0__:int64,timestamp,naive,UTC,frozen_final_artefact
conspiracy_clean_comments,L:\Documents\reddit_analyses\thread-size\Inputs\conspiracy_comments.parquet,final cleaned comments,parquet,True,Zenodo 10.5281/zenodo.17831100 v1.0 extracted mirror,5c66d6ad9e9e03ad1ddabd25d3b162c6269b8d18929793bf8e852de42afd042e,64072850.0,2025-11-13T15:41:38+00:00,365990.0,thread_id|id|timestamp|author|domain|parent|score|body_sentiment_score|date|level|parent_comment|body|__index_level_0__,thread_id:string | id:string | timestamp:timestamp[ns] | author:string | domain:null | parent:string | score:int64 | body_sentiment_score:double | date:date32[day] | level:int64 | parent_comment:string | body:string | __index_level_0__:int64,timestamp,naive,UTC,frozen_final_artefact
conspiracy_feature_threads,L:\Documents\reddit_analyses\thread-size\Outputs\0_preprocessing\conspiracy\conspiracy_threads_extra_feats.parquet,feature-construction root output,parquet,True,Zenodo 10.5281/zenodo.17831100 v1.0 extracted mirror,af6e749a2e12e8839e56ecaddff3fa41beb02c0babf6514a40a5b843d925bfca,4046064.0,2025-12-02T20:10:39+00:00,11395.0,thread_id|thread_size|authors|timestamp|author|score|subject_sentiment_score|success|domain|domain_pagerank|external_domain|body|subject|includes_image|includes_video|reddit_domain|is_external_domain|includes_body|subject_length|avg_word_length|unique_word_ratio|stopword_ratio|noun_ratio|verb_ratio|exclamation_ratio|caps_ratio|question_ratio|direct_reply_count|direct_reply_sentiment_std|mean_direct_reply_length|thread_depth|hour|dayofweek|clean_text|log_thread_size|__index_level_0__,thread_id:string | thread_size:int64 | authors:int64 | timestamp:timestamp[ns] | author:string | score:int64 | subject_sentiment_score:double | success:int64 | domain:string | domain_pagerank:double | external_domain:int64 | body:string | subject:string | includes_image:int64 | includes_video:int64 | reddit_domain:int64 | is_external_domain:int64 | includes_body:bool | subject_length:int64 | avg_word_length:double | unique_word_ratio:double | stopword_ratio:double | noun_ratio:double | verb_ratio:double | exclamation_ratio:double | caps_ratio:double | question_ratio:double | direct_reply_count:double | direct_reply_sentiment_std:double | mean_direct_reply_length:double | thread_depth:double | hour:int32 | dayofweek:int32 | clean_text:string | log_thread_size:double | __index_level_0__:int64,timestamp,naive,UTC,frozen_final_artefact
conspiracy_enriched_test,L:\Documents\reddit_analyses\thread-size\Outputs\0_preprocessing\conspiracy\tf-idf\conspiracy_svd_enriched_test_data.parquet,chronological held-out artefact with stable root ID,parquet,True,Zenodo 10.5281/zenodo.17831100 v1.0 extracted mirror,7c09c0101fd6df791e7f3adf2088120a24fa851001fe4f3e9c1f2e8833815942,7596046.0,2025-12-02T20:24:18+00:00,2279.0,thread_id|thread_size|authors|timestamp|author|score|subject_sentiment_score|success|domain|domain_pagerank|external_domain|body|subject|includes_image|includes_video|reddit_domain|is_external_domain|includes_body|subject_length|avg_word_length|unique_word_ratio|stopword_ratio|noun_ratio|verb_ratio|exclamation_ratio|caps_ratio|question_ratio|direct_reply_count|direct_reply_sentiment_std|mean_direct_reply_length|thread_depth|hour|dayofweek|clean_text|log_thread_size|svd_0|svd_1|svd_2|svd_3|svd_4|svd_5|svd_6|svd_7|svd_8|svd_9|svd_10|svd_11|svd_12|svd_13|svd_14|svd_15|svd_16|svd_17|svd_18|svd_19|svd_20|svd_21|svd_22|svd_23|svd_24|svd_25|svd_26|svd_27|svd_28|svd_29|svd_30|svd_31|svd_32|svd_33|svd_34|svd_35|svd_36|svd_37|svd_38|svd_39|svd_40|svd_41|svd_42|svd_43|svd_44|svd_45|svd_46|svd_47|svd_48|svd_49|svd_50|svd_51|svd_52|svd_53|svd_54|svd_55|svd_56|svd_57|svd_58|svd_59|svd_60|svd_61|svd_62|svd_63|svd_64|svd_65|svd_66|svd_67|svd_68|svd_69|svd_70|svd_71|svd_72|svd_73|svd_74|svd_75|svd_76|svd_77|svd_78|svd_79|svd_80|svd_81|svd_82|svd_83|svd_84|svd_85|svd_86|svd_87|svd_88|svd_89|svd_90|svd_91|svd_92|svd_93|svd_94|svd_95|svd_96|svd_97|svd_98|svd_99|svd_100|svd_101|svd_102|svd_103|svd_104|svd_105|svd_106|svd_107|svd_108|svd_109|svd_110|svd_111|svd_112|svd_113|svd_114|svd_115|svd_116|svd_117|svd_118|svd_119|svd_120|svd_121|svd_122|svd_123|svd_124|svd_125|svd_126|svd_127|svd_128|svd_129|svd_130|svd_131|svd_132|svd_133|svd_134|svd_135|svd_136|svd_137|svd_138|svd_139|svd_140|svd_141|svd_142|svd_143|svd_144|svd_145|svd_146|svd_147|svd_148|svd_149|svd_150|svd_151|svd_152|svd_153|svd_154|svd_155|svd_156|svd_157|svd_158|svd_159|svd_160|svd_161|svd_162|svd_163|svd_164|svd_165|svd_166|svd_167|svd_168|svd_169|svd_170|svd_171|svd_172|svd_173|svd_174|svd_175|svd_176|svd_177|svd_178|svd_179|svd_180|svd_181|svd_182|svd_183|svd_184|svd_185|svd_186|svd_187|svd_188|svd_189|svd_190|svd_191|svd_192|svd_193|svd_194|svd_195|svd_196|svd_197|svd_198|svd_199|svd_200|svd_201|svd_202|svd_203|svd_204|svd_205|svd_206|svd_207|svd_208|svd_209|svd_210|svd_211|svd_212|svd_213|svd_214|svd_215|svd_216|svd_217|svd_218|svd_219|svd_220|svd_221|svd_222|svd_223|svd_224|svd_225|svd_226|svd_227|svd_228|svd_229|svd_230|svd_231|svd_232|svd_233|svd_234|svd_235|svd_236|svd_237|svd_238|svd_239|svd_240|svd_241|svd_242|svd_243|svd_244|svd_245|svd_246|svd_247|svd_248|svd_249|svd_250|svd_251|svd_252|svd_253|svd_254|svd_255|svd_256|svd_257|svd_258|svd_259|svd_260|svd_261|svd_262|svd_263|svd_264|svd_265|svd_266|svd_267|svd_268|svd_269|svd_270|svd_271|svd_272|svd_273|svd_274|svd_275|svd_276|svd_277|svd_278|svd_279|svd_280|svd_281|svd_282|svd_283|svd_284|svd_285|svd_286|svd_287|svd_288|svd_289|svd_290|svd_291|svd_292|svd_293|svd_294|svd_295|svd_296|svd_297|svd_298|svd_299|svd_300|svd_301|svd_302|svd_303|svd_304|svd_305|svd_306|svd_307|svd_308|svd_309|svd_310|svd_311|svd_312|svd_313|svd_314|svd_315|svd_316|svd_317|svd_318|svd_319|svd_320|svd_321|svd_322|svd_323|svd_324|svd_325|svd_326|svd_327|svd_328|svd_329|svd_330|svd_331|svd_332|svd_333|svd_334|svd_335|svd_336|svd_337|svd_338|svd_339|svd_340|svd_341|svd_342|svd_343|svd_344|svd_345|svd_346|svd_347|svd_348|svd_349|svd_350|svd_351|svd_352|svd_353|svd_354|svd_355|svd_356|svd_357|svd_358|svd_359|svd_360|svd_361|svd_362|svd_363|svd_364|svd_365|svd_366|svd_367,thread_id:string | thread_size:int64 | authors:int64 | timestamp:timestamp[ns] | author:string | score:int64 | subject_sentiment_score:double | success:int64 | domain:string | domain_pagerank:double | external_domain:int64 | body:string | subject:string | includes_image:int64 | includes_video:int64 | reddit_domain:int64 | is_external_domain:int64 | includes_body:bool | subject_length:int64 | avg_word_length:double | unique_word_ratio:double | stopword_ratio:double | noun_ratio:double | verb_ratio:double | exclamation_ratio:double | caps_ratio:double | question_ratio:double | direct_reply_count:double | direct_reply_sentiment_std:double | mean_direct_reply_length:double | thread_depth:double | hour:int32 | dayofweek:int32 | clean_text:string | log_thread_size:double | svd_0:double | svd_1:double | svd_2:double | svd_3:double | svd_4:double | svd_5:double | svd_6:double | svd_7:double | svd_8:double | svd_9:double | svd_10:double | svd_11:double | svd_12:double | svd_13:double | svd_14:double | svd_15:double | svd_16:double | svd_17:double | svd_18:double | svd_19:double | svd_20:double | svd_21:double | svd_22:double | svd_23:double | svd_24:double | svd_25:double | svd_26:double | svd_27:double | svd_28:double | svd_29:double | svd_30:double | svd_31:double | svd_32:double | svd_33:double | svd_34:double | svd_35:double | svd_36:double | svd_37:double | svd_38:double | svd_39:double | svd_40:double | svd_41:double | svd_42:double | svd_43:double | svd_44:double | svd_45:double | svd_46:double | svd_47:double | svd_48:double | svd_49:double | svd_50:double | svd_51:double | svd_52:double | svd_53:double | svd_54:double | svd_55:double | svd_56:double | svd_57:double | svd_58:double | svd_59:double | svd_60:double | svd_61:double | svd_62:double | svd_63:double | svd_64:double | svd_65:double | svd_66:double | svd_67:double | svd_68:double | svd_69:double | svd_70:double | svd_71:double | svd_72:double | svd_73:double | svd_74:double | svd_75:double | svd_76:double | svd_77:double | svd_78:double | svd_79:double | svd_80:double | svd_81:double | svd_82:double | svd_83:double | svd_84:double | svd_85:double | svd_86:double | svd_87:double | svd_88:double | svd_89:double | svd_90:double | svd_91:double | svd_92:double | svd_93:double | svd_94:double | svd_95:double | svd_96:double | svd_97:double | svd_98:double | svd_99:double | svd_100:double | svd_101:double | svd_102:double | svd_103:double | svd_104:double | svd_105:double | svd_106:double | svd_107:double | svd_108:double | svd_109:double | svd_110:double | svd_111:double | svd_112:double | svd_113:double | svd_114:double | svd_115:double | svd_116:double | svd_117:double | svd_118:double | svd_119:double | svd_120:double | svd_121:double | svd_122:double | svd_123:double | svd_124:double | svd_125:double | svd_126:double | svd_127:double | svd_128:double | svd_129:double | svd_130:double | svd_131:double | svd_132:double | svd_133:double | svd_134:double | svd_135:double | svd_136:double | svd_137:double | svd_138:double | svd_139:double | svd_140:double | svd_141:double | svd_142:double | svd_143:double | svd_144:double | svd_145:double | svd_146:double | svd_147:double | svd_148:double | svd_149:double | svd_150:double | svd_151:double | svd_152:double | svd_153:double | svd_154:double | svd_155:double | svd_156:double | svd_157:double | svd_158:double | svd_159:double | svd_160:double | svd_161:double | svd_162:double | svd_163:double | svd_164:double | svd_165:double | svd_166:double | svd_167:double | svd_168:double | svd_169:double | svd_170:double | svd_171:double | svd_172:double | svd_173:double | svd_174:double | svd_175:double | svd_176:double | svd_177:double | svd_178:double | svd_179:double | svd_180:double | svd_181:double | svd_182:double | svd_183:double | svd_184:double | svd_185:double | svd_186:double | svd_187:double | svd_188:double | svd_189:double | svd_190:double | svd_191:double | svd_192:double | svd_193:double | svd_194:double | svd_195:double | svd_196:double | svd_197:double | svd_198:double | svd_199:double | svd_200:double | svd_201:double | svd_202:double | svd_203:double | svd_204:double | svd_205:double | svd_206:double | svd_207:double | svd_208:double | svd_209:double | svd_210:double | svd_211:double | svd_212:double | svd_213:double | svd_214:double | svd_215:double | svd_216:double | svd_217:double | svd_218:double | svd_219:double | svd_220:double | svd_221:double | svd_222:double | svd_223:double | svd_224:double | svd_225:double | svd_226:double | svd_227:double | svd_228:double | svd_229:double | svd_230:double | svd_231:double | svd_232:double | svd_233:double | svd_234:double | svd_235:double | svd_236:double | svd_237:double | svd_238:double | svd_239:double | svd_240:double | svd_241:double | svd_242:double | svd_243:double | svd_244:double | svd_245:double | svd_246:double | svd_247:double | svd_248:double | svd_249:double | svd_250:double | svd_251:double | svd_252:double | svd_253:double | svd_254:double | svd_255:double | svd_256:double | svd_257:double | svd_258:double | svd_259:double | svd_260:double | svd_261:double | svd_262:double | svd_263:double | svd_264:double | svd_265:double | svd_266:double | svd_267:double | svd_268:double | svd_269:double | svd_270:double | svd_271:double | svd_272:double | svd_273:double | svd_274:double | svd_275:double | svd_276:double | svd_277:double | svd_278:double | svd_279:double | svd_280:double | svd_281:double | svd_282:double | svd_283:double | svd_284:double | svd_285:double | svd_286:double | svd_287:double | svd_288:double | svd_289:double | svd_290:double | svd_291:double | svd_292:double | svd_293:double | svd_294:double | svd_295:double | svd_296:double | svd_297:double | svd_298:double | svd_299:double | svd_300:double | svd_301:double | svd_302:double | svd_303:double | svd_304:double | svd_305:double | svd_306:double | svd_307:double | svd_308:double | svd_309:double | svd_310:double | svd_311:double | svd_312:double | svd_313:double | svd_314:double | svd_315:double | svd_316:double | svd_317:double | svd_318:double | svd_319:double | svd_320:double | svd_321:double | svd_322:double | svd_323:double | svd_324:double | svd_325:double | svd_326:double | svd_327:double | svd_328:double | svd_329:double | svd_330:double | svd_331:double | svd_332:double | svd_333:double | svd_334:double | svd_335:double | svd_336:double | svd_337:double | svd_338:double | svd_339:double | svd_340:double | svd_341:double | svd_342:double | svd_343:double | svd_344:double | svd_345:double | svd_346:double | svd_347:double | svd_348:double | svd_349:double | svd_350:double | svd_351:double | svd_352:double | svd_353:double | svd_354:double | svd_355:double | svd_356:double | svd_357:double | svd_358:double | svd_359:double | svd_360:double | svd_361:double | svd_362:double | svd_363:double | svd_364:double | svd_365:double | svd_366:double | svd_367:double,timestamp,naive,UTC,frozen_final_artefact
conspiracy_test_X,L:\Documents\reddit_analyses\thread-size\Outputs\0_preprocessing\conspiracy\conspiracy_test_X.parquet,final held-out feature matrix,parquet,True,Zenodo 10.5281/zenodo.17831100 v1.0 extracted mirror,ebf6f966f22adf7ca0aac72c5b4f4d2cd1c1da11dd5dd6afb11a0a361196f787,6735538.0,2025-12-02T20:24:23+00:00,2279.0,subject_sentiment_score|includes_image|includes_video|subject_length|avg_word_length|unique_word_ratio|stopword_ratio|verb_ratio|exclamation_ratio|caps_ratio|question_ratio|hour|dayofweek|svd_0|svd_1|svd_2|svd_3|svd_4|svd_5|svd_6|svd_7|svd_8|svd_9|svd_10|svd_11|svd_12|svd_13|svd_14|svd_15|svd_16|svd_17|svd_18|svd_19|svd_20|svd_21|svd_22|svd_23|svd_24|svd_25|svd_26|svd_27|svd_28|svd_29|svd_30|svd_31|svd_32|svd_33|svd_34|svd_35|svd_36|svd_37|svd_38|svd_39|svd_40|svd_41|svd_42|svd_43|svd_44|svd_45|svd_46|svd_47|svd_48|svd_49|svd_50|svd_51|svd_52|svd_53|svd_54|svd_55|svd_56|svd_57|svd_58|svd_59|svd_60|svd_61|svd_62|svd_63|svd_64|svd_65|svd_66|svd_67|svd_68|svd_69|svd_70|svd_71|svd_72|svd_73|svd_74|svd_75|svd_76|svd_77|svd_78|svd_79|svd_80|svd_81|svd_82|svd_83|svd_84|svd_85|svd_86|svd_87|svd_88|svd_89|svd_90|svd_91|svd_92|svd_93|svd_94|svd_95|svd_96|svd_97|svd_98|svd_99|svd_100|svd_101|svd_102|svd_103|svd_104|svd_105|svd_106|svd_107|svd_108|svd_109|svd_110|svd_111|svd_112|svd_113|svd_114|svd_115|svd_116|svd_117|svd_118|svd_119|svd_120|svd_121|svd_122|svd_123|svd_124|svd_125|svd_126|svd_127|svd_128|svd_129|svd_130|svd_131|svd_132|svd_133|svd_134|svd_135|svd_136|svd_137|svd_138|svd_139|svd_140|svd_141|svd_142|svd_143|svd_144|svd_145|svd_146|svd_147|svd_148|svd_149|svd_150|svd_151|svd_152|svd_153|svd_154|svd_155|svd_156|svd_157|svd_158|svd_159|svd_160|svd_161|svd_162|svd_163|svd_164|svd_165|svd_166|svd_167|svd_168|svd_169|svd_170|svd_171|svd_172|svd_173|svd_174|svd_175|svd_176|svd_177|svd_178|svd_179|svd_180|svd_181|svd_182|svd_183|svd_184|svd_185|svd_186|svd_187|svd_188|svd_189|svd_190|svd_191|svd_192|svd_193|svd_194|svd_195|svd_196|svd_197|svd_198|svd_199|svd_200|svd_201|svd_202|svd_203|svd_204|svd_205|svd_206|svd_207|svd_208|svd_209|svd_210|svd_211|svd_212|svd_213|svd_214|svd_215|svd_216|svd_217|svd_218|svd_219|svd_220|svd_221|svd_222|svd_223|svd_224|svd_225|svd_226|svd_227|svd_228|svd_229|svd_230|svd_231|svd_232|svd_233|svd_234|svd_235|svd_236|svd_237|svd_238|svd_239|svd_240|svd_241|svd_242|svd_243|svd_244|svd_245|svd_246|svd_247|svd_248|svd_249|svd_250|svd_251|svd_252|svd_253|svd_254|svd_255|svd_256|svd_257|svd_258|svd_259|svd_260|svd_261|svd_262|svd_263|svd_264|svd_265|svd_266|svd_267|svd_268|svd_269|svd_270|svd_271|svd_272|svd_273|svd_274|svd_275|svd_276|svd_277|svd_278|svd_279|svd_280|svd_281|svd_282|svd_283|svd_284|svd_285|svd_286|svd_287|svd_288|svd_289|svd_290|svd_291|svd_292|svd_293|svd_294|svd_295|svd_296|svd_297|svd_298|svd_299|svd_300|svd_301|svd_302|svd_303|svd_304|svd_305|svd_306|svd_307|svd_308|svd_309|svd_310|svd_311|svd_312|svd_313|svd_314|svd_315|svd_316|svd_317|svd_318|svd_319|svd_320|svd_321|svd_322|svd_323|svd_324|svd_325|svd_326|svd_327|svd_328|svd_329|svd_330|svd_331|svd_332|svd_333|svd_334|svd_335|svd_336|svd_337|svd_338|svd_339|svd_340|svd_341|svd_342|svd_343|svd_344|svd_345|svd_346|svd_347|svd_348|svd_349|svd_350|svd_351|svd_352|svd_353|svd_354|svd_355|svd_356|svd_357|svd_358|svd_359|svd_360|svd_361|svd_362|svd_363|svd_364|svd_365|svd_366|svd_367|author_freq|domain_freq,subject_sentiment_score:double | includes_image:int64 | includes_video:int64 | subject_length:int64 | avg_word_length:double | unique_word_ratio:double | stopword_ratio:double | verb_ratio:double | exclamation_ratio:double | caps_ratio:double | question_ratio:double | hour:int32 | dayofweek:int32 | svd_0:double | svd_1:double | svd_2:double | svd_3:double | svd_4:double | svd_5:double | svd_6:double | svd_7:double | svd_8:double | svd_9:double | svd_10:double | svd_11:double | svd_12:double | svd_13:double | svd_14:double | svd_15:double | svd_16:double | svd_17:double | svd_18:double | svd_19:double | svd_20:double | svd_21:double | svd_22:double | svd_23:double | svd_24:double | svd_25:double | svd_26:double | svd_27:double | svd_28:double | svd_29:double | svd_30:double | svd_31:double | svd_32:double | svd_33:double | svd_34:double | svd_35:double | svd_36:double | svd_37:double | svd_38:double | svd_39:double | svd_40:double | svd_41:double | svd_42:double | svd_43:double | svd_44:double | svd_45:double | svd_46:double | svd_47:double | svd_48:double | svd_49:double | svd_50:double | svd_51:double | svd_52:double | svd_53:double | svd_54:double | svd_55:double | svd_56:double | svd_57:double | svd_58:double | svd_59:double | svd_60:double | svd_61:double | svd_62:double | svd_63:double | svd_64:double | svd_65:double | svd_66:double | svd_67:double | svd_68:double | svd_69:double | svd_70:double | svd_71:double | svd_72:double | svd_73:double | svd_74:double | svd_75:double | svd_76:double | svd_77:double | svd_78:double | svd_79:double | svd_80:double | svd_81:double | svd_82:double | svd_83:double | svd_84:double | svd_85:double | svd_86:double | svd_87:double | svd_88:double | svd_89:double | svd_90:double | svd_91:double | svd_92:double | svd_93:double | svd_94:double | svd_95:double | svd_96:double | svd_97:double | svd_98:double | svd_99:double | svd_100:double | svd_101:double | svd_102:double | svd_103:double | svd_104:double | svd_105:double | svd_106:double | svd_107:double | svd_108:double | svd_109:double | svd_110:double | svd_111:double | svd_112:double | svd_113:double | svd_114:double | svd_115:double | svd_116:double | svd_117:double | svd_118:double | svd_119:double | svd_120:double | svd_121:double | svd_122:double | svd_123:double | svd_124:double | svd_125:double | svd_126:double | svd_127:double | svd_128:double | svd_129:double | svd_130:double | svd_131:double | svd_132:double | svd_133:double | svd_134:double | svd_135:double | svd_136:double | svd_137:double | svd_138:double | svd_139:double | svd_140:double | svd_141:double | svd_142:double | svd_143:double | svd_144:double | svd_145:double | svd_146:double | svd_147:double | svd_148:double | svd_149:double | svd_150:double | svd_151:double | svd_152:double | svd_153:double | svd_154:double | svd_155:double | svd_156:double | svd_157:double | svd_158:double | svd_159:double | svd_160:double | svd_161:double | svd_162:double | svd_163:double | svd_164:double | svd_165:double | svd_166:double | svd_167:double | svd_168:double | svd_169:double | svd_170:double | svd_171:double | svd_172:double | svd_173:double | svd_174:double | svd_175:double | svd_176:double | svd_177:double | svd_178:double | svd_179:double | svd_180:double | svd_181:double | svd_182:double | svd_183:double | svd_184:double | svd_185:double | svd_186:double | svd_187:double | svd_188:double | svd_189:double | svd_190:double | svd_191:double | svd_192:double | svd_193:double | svd_194:double | svd_195:double | svd_196:double | svd_197:double | svd_198:double | svd_199:double | svd_200:double | svd_201:double | svd_202:double | svd_203:double | svd_204:double | svd_205:double | svd_206:double | svd_207:double | svd_208:double | svd_209:double | svd_210:double | svd_211:double | svd_212:double | svd_213:double | svd_214:double | svd_215:double | svd_216:double | svd_217:double | svd_218:double | svd_219:double | svd_220:double | svd_221:double | svd_222:double | svd_223:double | svd_224:double | svd_225:double | svd_226:double | svd_227:double | svd_228:double | svd_229:double | svd_230:double | svd_231:double | svd_232:double | svd_233:double | svd_234:double | svd_235:double | svd_236:double | svd_237:double | svd_238:double | svd_239:double | svd_240:double | svd_241:double | svd_242:double | svd_243:double | svd_244:double | svd_245:double | svd_246:double | svd_247:double | svd_248:double | svd_249:double | svd_250:double | svd_251:double | svd_252:double | svd_253:double | svd_254:double | svd_255:double | svd_256:double | svd_257:double | svd_258:double | svd_259:double | svd_260:double | svd_261:double | svd_262:double | svd_263:double | svd_264:double | svd_265:double | svd_266:double | svd_267:double | svd_268:double | svd_269:double | svd_270:double | svd_271:double | svd_272:double | svd_273:double | svd_274:double | svd_275:double | svd_276:double | svd_277:double | svd_278:double | svd_279:double | svd_280:double | svd_281:double | svd_282:double | svd_283:double | svd_284:double | svd_285:double | svd_286:double | svd_287:double | svd_288:double | svd_289:double | svd_290:double | svd_291:double | svd_292:double | svd_293:double | svd_294:double | svd_295:double | svd_296:double | svd_297:double | svd_298:double | svd_299:double | svd_300:double | svd_301:double | svd_302:double | svd_303:double | svd_304:double | svd_305:double | svd_306:double | svd_307:double | svd_308:double | svd_309:double | svd_310:double | svd_311:double | svd_312:double | svd_313:double | svd_314:double | svd_315:double | svd_316:double | svd_317:double | svd_318:double | svd_319:double | svd_320:double | svd_321:double | svd_322:double | svd_323:double | svd_324:double | svd_325:double | svd_326:double | svd_327:double | svd_328:double | svd_329:double | svd_330:double | svd_331:double | svd_332:double | svd_333:double | svd_334:double | svd_335:double | svd_336:double | svd_337:double | svd_338:double | svd_339:double | svd_340:double | svd_341:double | svd_342:double | svd_343:double | svd_344:double | svd_345:double | svd_346:double | svd_347:double | svd_348:double | svd_349:double | svd_350:double | svd_351:double | svd_352:double | svd_353:double | svd_354:double | svd_355:double | svd_356:double | svd_357:double | svd_358:double | svd_359:double | svd_360:double | svd_361:double | svd_362:double | svd_363:double | svd_364:double | svd_365:double | svd_366:double | svd_367:double | author_freq:float | domain_freq:float,,not_applicable_or_unspecified,not_applicable,frozen_final_artefact
conspiracy_test_Y,L:\Documents\reddit_analyses\thread-size\Outputs\0_preprocessing\conspiracy\conspiracy_test_Y.parquet,final held-out target artefact,parquet,True,Zenodo 10.5281/zenodo.17831100 v1.0 extracted mirror,1fc9d302c1cf5b1353dd27b762c9ee45c3a3673a464b174e3965c621a2055d71,67853.0,2025-12-02T20:24:23+00:00,2279.0,timestamp|thread_size|authors|score|thread_depth|direct_reply_count|direct_reply_sentiment_std|mean_direct_reply_length|log_thread_size,timestamp:timestamp[ns] | thread_size:int64 | authors:int64 | score:int64 | thread_depth:double | direct_reply_count:double | direct_reply_sentiment_std:double | mean_direct_reply_length:double | log_thread_size:double,timestamp,naive,UTC,frozen_final_artefact
conspiracy_s1_predictions,L:\Documents\reddit_analyses\thread-size\Outputs\1_thread_start\conspiracy\4_model\model_4\test_started_threads.parquet,selected Stage 1 frozen held-out predictions,parquet,True,Zenodo 10.5281/zenodo.17831100 v1.0 extracted mirror,f4f7fb8bb896751261ad1dc443b8c30d1119cecc683d186ff373dad2e6796c6b,29612.0,2025-12-07T23:53:56+00:00,2279.0,index|proba|predicted,index:int64 | proba:double | predicted:int64,,not_applicable_or_unspecified,not_applicable,frozen_final_artefact
conspiracy_s1_metadata,L:\Documents\reddit_analyses\thread-size\Outputs\1_thread_start\conspiracy\4_model\model_4\test_data_results.xlsx,selected Stage 1 model metadata and metrics,xlsx,True,Zenodo 10.5281/zenodo.17831100 v1.0 extracted mirror,888abed3e217b3e4e1e25d5f5041d8481af7f235c349266a56532931fe110a0b,11003.0,2025-12-07T23:55:19+00:00,,model_info|model_params|performance|hyperparams|test_report|oof_report|SHAP_Importance,Excel workbook; sheets=model_info|model_params|performance|hyperparams|test_report|oof_report|SHAP_Importance,,not_applicable_or_unspecified,not_applicable,frozen_final_artefact
conspiracy_s2_predictions,L:\Documents\reddit_analyses\thread-size\Outputs\2_thread_size\conspiracy\4_model\model_3\test_preds.csv,selected Stage 2 frozen held-out predictions,csv,True,Zenodo 10.5281/zenodo.17831100 v1.0 extracted mirror,13a9ae1eeb10a277078bd45237cd1073eb3ba30ca0767aa766ecd943ebb6016b,197689.0,2025-12-08T02:14:19+00:00,2279.0,index|true_class|predicted_class|proba_class_0|proba_class_1|proba_class_2|proba_class_3,index:int64 | true_class:int64 | predicted_class:int64 | proba_class_0:float64 | proba_class_1:float64 | proba_class_2:float64 | proba_class_3:float64,,not_applicable_or_unspecified,not_applicable,frozen_final_artefact
conspiracy_s2_labels,L:\Documents\reddit_analyses\thread-size\Outputs\2_thread_size\conspiracy\4_model\model_3\model_data\y_test.parquet,selected Stage 2 saved held-out labels,parquet,True,Zenodo 10.5281/zenodo.17831100 v1.0 extracted mirror,9f6fa3f0530c3eede7089a805adad2a2fb6eb16204410eed195449008531df1b,2246.0,2025-12-08T02:12:20+00:00,2279.0,y_test,y_test:int64,,not_applicable_or_unspecified,not_applicable,frozen_final_artefact
conspiracy_s2_metadata,L:\Documents\reddit_analyses\thread-size\Outputs\2_thread_size\conspiracy\4_model\model_3\test_data_results.xlsx,selected Stage 2 model metadata and metrics,xlsx,True,Zenodo 10.5281/zenodo.17831100 v1.0 extracted mirror,948da32f6b2a96c4115b89698df7b9d6b23b97cbb5e328d72ce0690b663aec09,11665.0,2025-12-08T02:14:32+00:00,,info|class_sizes|model_params|hyperparams|classification_report|performance|shap_summary,Excel workbook; sheets=info|class_sizes|model_params|hyperparams|classification_report|performance|shap_summary,,not_applicable_or_unspecified,not_applicable,frozen_final_artefact
crypto_clean_threads,L:\Documents\reddit_analyses\thread-size\Inputs\crypto_threads.parquet,final cleaned roots,parquet,True,Zenodo 10.5281/zenodo.17831100 v1.0 extracted mirror,06655d9490fae4063f3ab76f22c6103c6ac3a94940feeb7ce4c82790c167e185,3655798.0,2025-11-13T15:41:36+00:00,14818.0,thread_id|thread_size|authors|timestamp|author|score|subject_sentiment_score|success|domain|domain_pagerank|external_domain|body|subject|__index_level_0__,thread_id:string | thread_size:int64 | authors:int64 | timestamp:timestamp[ns] | author:string | score:int64 | subject_sentiment_score:double | success:int64 | domain:string | domain_pagerank:double | external_domain:int64 | body:string | subject:string | __index_level_0__:int64,timestamp,naive,UTC,frozen_final_artefact
crypto_clean_comments,L:\Documents\reddit_analyses\thread-size\Inputs\crypto_comments.parquet,final cleaned comments,parquet,True,Zenodo 10.5281/zenodo.17831100 v1.0 extracted mirror,c492bf6d326b638385d3138ff68b5b0a2c09e8f500f6ab2ddf7866c269266f9d,45308463.0,2025-11-13T15:41:51+00:00,392671.0,thread_id|id|timestamp|author|domain|parent|score|body_sentiment_score|date|level|parent_comment|body|__index_level_0__,thread_id:string | id:string | timestamp:timestamp[ns] | author:string | domain:null | parent:string | score:int64 | body_sentiment_score:double | date:date32[day] | level:int64 | parent_comment:string | body:string | __index_level_0__:int64,timestamp,naive,UTC,frozen_final_artefact
crypto_feature_threads,L:\Documents\reddit_analyses\thread-size\Outputs\0_preprocessing\crypto\crypto_threads_extra_feats.parquet,feature-construction root output,parquet,True,Zenodo 10.5281/zenodo.17831100 v1.0 extracted mirror,9c8848f2f41254feaae68d7d700a6772fa5ad639dc658ff8c84d041d00fb1edb,4405994.0,2025-12-02T20:04:03+00:00,14818.0,thread_id|thread_size|authors|timestamp|author|score|subject_sentiment_score|success|domain|domain_pagerank|external_domain|body|subject|includes_image|includes_video|reddit_domain|is_external_domain|includes_body|subject_length|avg_word_length|unique_word_ratio|stopword_ratio|noun_ratio|verb_ratio|exclamation_ratio|caps_ratio|question_ratio|direct_reply_count|direct_reply_sentiment_std|mean_direct_reply_length|thread_depth|hour|dayofweek|clean_text|log_thread_size|__index_level_0__,thread_id:string | thread_size:int64 | authors:int64 | timestamp:timestamp[ns] | author:string | score:int64 | subject_sentiment_score:double | success:int64 | domain:string | domain_pagerank:double | external_domain:int64 | body:string | subject:string | includes_image:int64 | includes_video:int64 | reddit_domain:int64 | is_external_domain:int64 | includes_body:bool | subject_length:int64 | avg_word_length:double | unique_word_ratio:double | stopword_ratio:double | noun_ratio:double | verb_ratio:double | exclamation_ratio:double | caps_ratio:double | question_ratio:double | direct_reply_count:double | direct_reply_sentiment_std:double | mean_direct_reply_length:double | thread_depth:double | hour:int32 | dayofweek:int32 | clean_text:string | log_thread_size:double | __index_level_0__:int64,timestamp,naive,UTC,frozen_final_artefact
crypto_enriched_test,L:\Documents\reddit_analyses\thread-size\Outputs\0_preprocessing\crypto\tf-idf\crypto_svd_enriched_test_data.parquet,chronological held-out artefact with stable root ID,parquet,True,Zenodo 10.5281/zenodo.17831100 v1.0 extracted mirror,179ee6077476fa4878b46774be40378ceba8867d94723f00b658b49302061233,7821408.0,2025-12-02T20:13:31+00:00,2964.0,thread_id|thread_size|authors|timestamp|author|score|subject_sentiment_score|success|domain|domain_pagerank|external_domain|body|subject|includes_image|includes_video|reddit_domain|is_external_domain|includes_body|subject_length|avg_word_length|unique_word_ratio|stopword_ratio|noun_ratio|verb_ratio|exclamation_ratio|caps_ratio|question_ratio|direct_reply_count|direct_reply_sentiment_std|mean_direct_reply_length|thread_depth|hour|dayofweek|clean_text|log_thread_size|svd_0|svd_1|svd_2|svd_3|svd_4|svd_5|svd_6|svd_7|svd_8|svd_9|svd_10|svd_11|svd_12|svd_13|svd_14|svd_15|svd_16|svd_17|svd_18|svd_19|svd_20|svd_21|svd_22|svd_23|svd_24|svd_25|svd_26|svd_27|svd_28|svd_29|svd_30|svd_31|svd_32|svd_33|svd_34|svd_35|svd_36|svd_37|svd_38|svd_39|svd_40|svd_41|svd_42|svd_43|svd_44|svd_45|svd_46|svd_47|svd_48|svd_49|svd_50|svd_51|svd_52|svd_53|svd_54|svd_55|svd_56|svd_57|svd_58|svd_59|svd_60|svd_61|svd_62|svd_63|svd_64|svd_65|svd_66|svd_67|svd_68|svd_69|svd_70|svd_71|svd_72|svd_73|svd_74|svd_75|svd_76|svd_77|svd_78|svd_79|svd_80|svd_81|svd_82|svd_83|svd_84|svd_85|svd_86|svd_87|svd_88|svd_89|svd_90|svd_91|svd_92|svd_93|svd_94|svd_95|svd_96|svd_97|svd_98|svd_99|svd_100|svd_101|svd_102|svd_103|svd_104|svd_105|svd_106|svd_107|svd_108|svd_109|svd_110|svd_111|svd_112|svd_113|svd_114|svd_115|svd_116|svd_117|svd_118|svd_119|svd_120|svd_121|svd_122|svd_123|svd_124|svd_125|svd_126|svd_127|svd_128|svd_129|svd_130|svd_131|svd_132|svd_133|svd_134|svd_135|svd_136|svd_137|svd_138|svd_139|svd_140|svd_141|svd_142|svd_143|svd_144|svd_145|svd_146|svd_147|svd_148|svd_149|svd_150|svd_151|svd_152|svd_153|svd_154|svd_155|svd_156|svd_157|svd_158|svd_159|svd_160|svd_161|svd_162|svd_163|svd_164|svd_165|svd_166|svd_167|svd_168|svd_169|svd_170|svd_171|svd_172|svd_173|svd_174|svd_175|svd_176|svd_177|svd_178|svd_179|svd_180|svd_181|svd_182|svd_183|svd_184|svd_185|svd_186|svd_187|svd_188|svd_189|svd_190|svd_191|svd_192|svd_193|svd_194|svd_195|svd_196|svd_197|svd_198|svd_199|svd_200|svd_201|svd_202|svd_203|svd_204|svd_205|svd_206|svd_207|svd_208|svd_209|svd_210|svd_211|svd_212|svd_213|svd_214|svd_215|svd_216|svd_217|svd_218|svd_219|svd_220|svd_221|svd_222|svd_223|svd_224|svd_225|svd_226|svd_227|svd_228|svd_229|svd_230|svd_231|svd_232|svd_233|svd_234|svd_235|svd_236|svd_237|svd_238|svd_239|svd_240|svd_241|svd_242|svd_243|svd_244|svd_245|svd_246|svd_247|svd_248|svd_249|svd_250|svd_251|svd_252|svd_253|svd_254|svd_255|svd_256|svd_257|svd_258|svd_259|svd_260|svd_261|svd_262|svd_263|svd_264|svd_265|svd_266|svd_267|svd_268|svd_269|svd_270|svd_271|svd_272|svd_273|svd_274|svd_275|svd_276|svd_277|svd_278|svd_279|svd_280|svd_281|svd_282|svd_283|svd_284|svd_285|svd_286|svd_287|svd_288|svd_289|svd_290|svd_291|svd_292|svd_293|svd_294|svd_295|svd_296|svd_297|svd_298,thread_id:string | thread_size:int64 | authors:int64 | timestamp:timestamp[ns] | author:string | score:int64 | subject_sentiment_score:double | success:int64 | domain:string | domain_pagerank:double | external_domain:int64 | body:string | subject:string | includes_image:int64 | includes_video:int64 | reddit_domain:int64 | is_external_domain:int64 | includes_body:bool | subject_length:int64 | avg_word_length:double | unique_word_ratio:double | stopword_ratio:double | noun_ratio:double | verb_ratio:double | exclamation_ratio:double | caps_ratio:double | question_ratio:double | direct_reply_count:double | direct_reply_sentiment_std:double | mean_direct_reply_length:double | thread_depth:double | hour:int32 | dayofweek:int32 | clean_text:string | log_thread_size:double | svd_0:double | svd_1:double | svd_2:double | svd_3:double | svd_4:double | svd_5:double | svd_6:double | svd_7:double | svd_8:double | svd_9:double | svd_10:double | svd_11:double | svd_12:double | svd_13:double | svd_14:double | svd_15:double | svd_16:double | svd_17:double | svd_18:double | svd_19:double | svd_20:double | svd_21:double | svd_22:double | svd_23:double | svd_24:double | svd_25:double | svd_26:double | svd_27:double | svd_28:double | svd_29:double | svd_30:double | svd_31:double | svd_32:double | svd_33:double | svd_34:double | svd_35:double | svd_36:double | svd_37:double | svd_38:double | svd_39:double | svd_40:double | svd_41:double | svd_42:double | svd_43:double | svd_44:double | svd_45:double | svd_46:double | svd_47:double | svd_48:double | svd_49:double | svd_50:double | svd_51:double | svd_52:double | svd_53:double | svd_54:double | svd_55:double | svd_56:double | svd_57:double | svd_58:double | svd_59:double | svd_60:double | svd_61:double | svd_62:double | svd_63:double | svd_64:double | svd_65:double | svd_66:double | svd_67:double | svd_68:double | svd_69:double | svd_70:double | svd_71:double | svd_72:double | svd_73:double | svd_74:double | svd_75:double | svd_76:double | svd_77:double | svd_78:double | svd_79:double | svd_80:double | svd_81:double | svd_82:double | svd_83:double | svd_84:double | svd_85:double | svd_86:double | svd_87:double | svd_88:double | svd_89:double | svd_90:double | svd_91:double | svd_92:double | svd_93:double | svd_94:double | svd_95:double | svd_96:double | svd_97:double | svd_98:double | svd_99:double | svd_100:double | svd_101:double | svd_102:double | svd_103:double | svd_104:double | svd_105:double | svd_106:double | svd_107:double | svd_108:double | svd_109:double | svd_110:double | svd_111:double | svd_112:double | svd_113:double | svd_114:double | svd_115:double | svd_116:double | svd_117:double | svd_118:double | svd_119:double | svd_120:double | svd_121:double | svd_122:double | svd_123:double | svd_124:double | svd_125:double | svd_126:double | svd_127:double | svd_128:double | svd_129:double | svd_130:double | svd_131:double | svd_132:double | svd_133:double | svd_134:double | svd_135:double | svd_136:double | svd_137:double | svd_138:double | svd_139:double | svd_140:double | svd_141:double | svd_142:double | svd_143:double | svd_144:double | svd_145:double | svd_146:double | svd_147:double | svd_148:double | svd_149:double | svd_150:double | svd_151:double | svd_152:double | svd_153:double | svd_154:double | svd_155:double | svd_156:double | svd_157:double | svd_158:double | svd_159:double | svd_160:double | svd_161:double | svd_162:double | svd_163:double | svd_164:double | svd_165:double | svd_166:double | svd_167:double | svd_168:double | svd_169:double | svd_170:double | svd_171:double | svd_172:double | svd_173:double | svd_174:double | svd_175:double | svd_176:double | svd_177:double | svd_178:double | svd_179:double | svd_180:double | svd_181:double | svd_182:double | svd_183:double | svd_184:double | svd_185:double | svd_186:double | svd_187:double | svd_188:double | svd_189:double | svd_190:double | svd_191:double | svd_192:double | svd_193:double | svd_194:double | svd_195:double | svd_196:double | svd_197:double | svd_198:double | svd_199:double | svd_200:double | svd_201:double | svd_202:double | svd_203:double | svd_204:double | svd_205:double | svd_206:double | svd_207:double | svd_208:double | svd_209:double | svd_210:double | svd_211:double | svd_212:double | svd_213:double | svd_214:double | svd_215:double | svd_216:double | svd_217:double | svd_218:double | svd_219:double | svd_220:double | svd_221:double | svd_222:double | svd_223:double | svd_224:double | svd_225:double | svd_226:double | svd_227:double | svd_228:double | svd_229:double | svd_230:double | svd_231:double | svd_232:double | svd_233:double | svd_234:double | svd_235:double | svd_236:double | svd_237:double | svd_238:double | svd_239:double | svd_240:double | svd_241:double | svd_242:double | svd_243:double | svd_244:double | svd_245:double | svd_246:double | svd_247:double | svd_248:double | svd_249:double | svd_250:double | svd_251:double | svd_252:double | svd_253:double | svd_254:double | svd_255:double | svd_256:double | svd_257:double | svd_258:double | svd_259:double | svd_260:double | svd_261:double | svd_262:double | svd_263:double | svd_264:double | svd_265:double | svd_266:double | svd_267:double | svd_268:double | svd_269:double | svd_270:double | svd_271:double | svd_272:double | svd_273:double | svd_274:double | svd_275:double | svd_276:double | svd_277:double | svd_278:double | svd_279:double | svd_280:double | svd_281:double | svd_282:double | svd_283:double | svd_284:double | svd_285:double | svd_286:double | svd_287:double | svd_288:double | svd_289:double | svd_290:double | svd_291:double | svd_292:double | svd_293:double | svd_294:double | svd_295:double | svd_296:double | svd_297:double | svd_298:double,timestamp,naive,UTC,frozen_final_artefact
crypto_test_X,L:\Documents\reddit_analyses\thread-size\Outputs\0_preprocessing\crypto\crypto_test_X.parquet,final held-out feature matrix,parquet,True,Zenodo 10.5281/zenodo.17831100 v1.0 extracted mirror,c6a82eb885a042425242b18dbb5e74d08c8401eec67f71dcab0b94fa75b5734f,7049942.0,2025-12-02T20:13:40+00:00,2964.0,subject_sentiment_score|includes_image|includes_video|subject_length|avg_word_length|unique_word_ratio|stopword_ratio|verb_ratio|exclamation_ratio|caps_ratio|question_ratio|hour|dayofweek|svd_0|svd_1|svd_2|svd_3|svd_4|svd_5|svd_6|svd_7|svd_8|svd_9|svd_10|svd_11|svd_12|svd_13|svd_14|svd_15|svd_16|svd_17|svd_18|svd_19|svd_20|svd_21|svd_22|svd_23|svd_24|svd_25|svd_26|svd_27|svd_28|svd_29|svd_30|svd_31|svd_32|svd_33|svd_34|svd_35|svd_36|svd_37|svd_38|svd_39|svd_40|svd_41|svd_42|svd_43|svd_44|svd_45|svd_46|svd_47|svd_48|svd_49|svd_50|svd_51|svd_52|svd_53|svd_54|svd_55|svd_56|svd_57|svd_58|svd_59|svd_60|svd_61|svd_62|svd_63|svd_64|svd_65|svd_66|svd_67|svd_68|svd_69|svd_70|svd_71|svd_72|svd_73|svd_74|svd_75|svd_76|svd_77|svd_78|svd_79|svd_80|svd_81|svd_82|svd_83|svd_84|svd_85|svd_86|svd_87|svd_88|svd_89|svd_90|svd_91|svd_92|svd_93|svd_94|svd_95|svd_96|svd_97|svd_98|svd_99|svd_100|svd_101|svd_102|svd_103|svd_104|svd_105|svd_106|svd_107|svd_108|svd_109|svd_110|svd_111|svd_112|svd_113|svd_114|svd_115|svd_116|svd_117|svd_118|svd_119|svd_120|svd_121|svd_122|svd_123|svd_124|svd_125|svd_126|svd_127|svd_128|svd_129|svd_130|svd_131|svd_132|svd_133|svd_134|svd_135|svd_136|svd_137|svd_138|svd_139|svd_140|svd_141|svd_142|svd_143|svd_144|svd_145|svd_146|svd_147|svd_148|svd_149|svd_150|svd_151|svd_152|svd_153|svd_154|svd_155|svd_156|svd_157|svd_158|svd_159|svd_160|svd_161|svd_162|svd_163|svd_164|svd_165|svd_166|svd_167|svd_168|svd_169|svd_170|svd_171|svd_172|svd_173|svd_174|svd_175|svd_176|svd_177|svd_178|svd_179|svd_180|svd_181|svd_182|svd_183|svd_184|svd_185|svd_186|svd_187|svd_188|svd_189|svd_190|svd_191|svd_192|svd_193|svd_194|svd_195|svd_196|svd_197|svd_198|svd_199|svd_200|svd_201|svd_202|svd_203|svd_204|svd_205|svd_206|svd_207|svd_208|svd_209|svd_210|svd_211|svd_212|svd_213|svd_214|svd_215|svd_216|svd_217|svd_218|svd_219|svd_220|svd_221|svd_222|svd_223|svd_224|svd_225|svd_226|svd_227|svd_228|svd_229|svd_230|svd_231|svd_232|svd_233|svd_234|svd_235|svd_236|svd_237|svd_238|svd_239|svd_240|svd_241|svd_242|svd_243|svd_244|svd_245|svd_246|svd_247|svd_248|svd_249|svd_250|svd_251|svd_252|svd_253|svd_254|svd_255|svd_256|svd_257|svd_258|svd_259|svd_260|svd_261|svd_262|svd_263|svd_264|svd_265|svd_266|svd_267|svd_268|svd_269|svd_270|svd_271|svd_272|svd_273|svd_274|svd_275|svd_276|svd_277|svd_278|svd_279|svd_280|svd_281|svd_282|svd_283|svd_284|svd_285|svd_286|svd_287|svd_288|svd_289|svd_290|svd_291|svd_292|svd_293|svd_294|svd_295|svd_296|svd_297|svd_298|author_freq|domain_freq,subject_sentiment_score:double | includes_image:int64 | includes_video:int64 | subject_length:int64 | avg_word_length:double | unique_word_ratio:double | stopword_ratio:double | verb_ratio:double | exclamation_ratio:double | caps_ratio:double | question_ratio:double | hour:int32 | dayofweek:int32 | svd_0:double | svd_1:double | svd_2:double | svd_3:double | svd_4:double | svd_5:double | svd_6:double | svd_7:double | svd_8:double | svd_9:double | svd_10:double | svd_11:double | svd_12:double | svd_13:double | svd_14:double | svd_15:double | svd_16:double | svd_17:double | svd_18:double | svd_19:double | svd_20:double | svd_21:double | svd_22:double | svd_23:double | svd_24:double | svd_25:double | svd_26:double | svd_27:double | svd_28:double | svd_29:double | svd_30:double | svd_31:double | svd_32:double | svd_33:double | svd_34:double | svd_35:double | svd_36:double | svd_37:double | svd_38:double | svd_39:double | svd_40:double | svd_41:double | svd_42:double | svd_43:double | svd_44:double | svd_45:double | svd_46:double | svd_47:double | svd_48:double | svd_49:double | svd_50:double | svd_51:double | svd_52:double | svd_53:double | svd_54:double | svd_55:double | svd_56:double | svd_57:double | svd_58:double | svd_59:double | svd_60:double | svd_61:double | svd_62:double | svd_63:double | svd_64:double | svd_65:double | svd_66:double | svd_67:double | svd_68:double | svd_69:double | svd_70:double | svd_71:double | svd_72:double | svd_73:double | svd_74:double | svd_75:double | svd_76:double | svd_77:double | svd_78:double | svd_79:double | svd_80:double | svd_81:double | svd_82:double | svd_83:double | svd_84:double | svd_85:double | svd_86:double | svd_87:double | svd_88:double | svd_89:double | svd_90:double | svd_91:double | svd_92:double | svd_93:double | svd_94:double | svd_95:double | svd_96:double | svd_97:double | svd_98:double | svd_99:double | svd_100:double | svd_101:double | svd_102:double | svd_103:double | svd_104:double | svd_105:double | svd_106:double | svd_107:double | svd_108:double | svd_109:double | svd_110:double | svd_111:double | svd_112:double | svd_113:double | svd_114:double | svd_115:double | svd_116:double | svd_117:double | svd_118:double | svd_119:double | svd_120:double | svd_121:double | svd_122:double | svd_123:double | svd_124:double | svd_125:double | svd_126:double | svd_127:double | svd_128:double | svd_129:double | svd_130:double | svd_131:double | svd_132:double | svd_133:double | svd_134:double | svd_135:double | svd_136:double | svd_137:double | svd_138:double | svd_139:double | svd_140:double | svd_141:double | svd_142:double | svd_143:double | svd_144:double | svd_145:double | svd_146:double | svd_147:double | svd_148:double | svd_149:double | svd_150:double | svd_151:double | svd_152:double | svd_153:double | svd_154:double | svd_155:double | svd_156:double | svd_157:double | svd_158:double | svd_159:double | svd_160:double | svd_161:double | svd_162:double | svd_163:double | svd_164:double | svd_165:double | svd_166:double | svd_167:double | svd_168:double | svd_169:double | svd_170:double | svd_171:double | svd_172:double | svd_173:double | svd_174:double | svd_175:double | svd_176:double | svd_177:double | svd_178:double | svd_179:double | svd_180:double | svd_181:double | svd_182:double | svd_183:double | svd_184:double | svd_185:double | svd_186:double | svd_187:double | svd_188:double | svd_189:double | svd_190:double | svd_191:double | svd_192:double | svd_193:double | svd_194:double | svd_195:double | svd_196:double | svd_197:double | svd_198:double | svd_199:double | svd_200:double | svd_201:double | svd_202:double | svd_203:double | svd_204:double | svd_205:double | svd_206:double | svd_207:double | svd_208:double | svd_209:double | svd_210:double | svd_211:double | svd_212:double | svd_213:double | svd_214:double | svd_215:double | svd_216:double | svd_217:double | svd_218:double | svd_219:double | svd_220:double | svd_221:double | svd_222:double | svd_223:double | svd_224:double | svd_225:double | svd_226:double | svd_227:double | svd_228:double | svd_229:double | svd_230:double | svd_231:double | svd_232:double | svd_233:double | svd_234:double | svd_235:double | svd_236:double | svd_237:double | svd_238:double | svd_239:double | svd_240:double | svd_241:double | svd_242:double | svd_243:double | svd_244:double | svd_245:double | svd_246:double | svd_247:double | svd_248:double | svd_249:double | svd_250:double | svd_251:double | svd_252:double | svd_253:double | svd_254:double | svd_255:double | svd_256:double | svd_257:double | svd_258:double | svd_259:double | svd_260:double | svd_261:double | svd_262:double | svd_263:double | svd_264:double | svd_265:double | svd_266:double | svd_267:double | svd_268:double | svd_269:double | svd_270:double | svd_271:double | svd_272:double | svd_273:double | svd_274:double | svd_275:double | svd_276:double | svd_277:double | svd_278:double | svd_279:double | svd_280:double | svd_281:double | svd_282:double | svd_283:double | svd_284:double | svd_285:double | svd_286:double | svd_287:double | svd_288:double | svd_289:double | svd_290:double | svd_291:double | svd_292:double | svd_293:double | svd_294:double | svd_295:double | svd_296:double | svd_297:double | svd_298:double | author_freq:float | domain_freq:float,,not_applicable_or_unspecified,not_applicable,frozen_final_artefact
crypto_test_Y,L:\Documents\reddit_analyses\thread-size\Outputs\0_preprocessing\crypto\crypto_test_Y.parquet,final held-out target artefact,parquet,True,Zenodo 10.5281/zenodo.17831100 v1.0 extracted mirror,27291ce72204717b7df8cee66dede6986738936b8e2832bb36939a895341b5d3,68293.0,2025-12-02T20:13:40+00:00,2964.0,timestamp|thread_size|authors|score|thread_depth|direct_reply_count|direct_reply_sentiment_std|mean_direct_reply_length|log_thread_size,timestamp:timestamp[ns] | thread_size:int64 | authors:int64 | score:int64 | thread_depth:double | direct_reply_count:double | direct_reply_sentiment_std:double | mean_direct_reply_length:double | log_thread_size:double,timestamp,naive,UTC,frozen_final_artefact
crypto_s1_predictions,L:\Documents\reddit_analyses\thread-size\Outputs\1_thread_start\crypto\4_model\model_4\test_started_threads.parquet,selected Stage 1 frozen held-out predictions,parquet,True,Zenodo 10.5281/zenodo.17831100 v1.0 extracted mirror,1cedf6083054b27f7f56db37112613ae4aeb94aa5335f7091185253c0af71aaa,36333.0,2025-12-08T02:26:29+00:00,2964.0,index|proba|predicted,index:int64 | proba:double | predicted:int64,,not_applicable_or_unspecified,not_applicable,frozen_final_artefact
crypto_s1_metadata,L:\Documents\reddit_analyses\thread-size\Outputs\1_thread_start\crypto\4_model\model_4\test_data_results.xlsx,selected Stage 1 model metadata and metrics,xlsx,True,Zenodo 10.5281/zenodo.17831100 v1.0 extracted mirror,43b845a0447c2327ac67f50fc1b9be7f832f2b763272c759ebaf24702df31ff3,11046.0,2025-12-08T02:26:50+00:00,,model_info|model_params|performance|hyperparams|test_report|oof_report|SHAP_Importance,Excel workbook; sheets=model_info|model_params|performance|hyperparams|test_report|oof_report|SHAP_Importance,,not_applicable_or_unspecified,not_applicable,frozen_final_artefact
crypto_s2_predictions,L:\Documents\reddit_analyses\thread-size\Outputs\2_thread_size\crypto\4_model\model_2\test_preds.csv,selected Stage 2 frozen held-out predictions,csv,True,Zenodo 10.5281/zenodo.17831100 v1.0 extracted mirror,d451046cc46ae92840704e767e3183dbf1ec3040fcd5fc9179ecc0c4e2649314,257399.0,2025-12-08T02:03:54+00:00,2964.0,index|true_class|predicted_class|proba_class_0|proba_class_1|proba_class_2|proba_class_3,index:int64 | true_class:int64 | predicted_class:int64 | proba_class_0:float64 | proba_class_1:float64 | proba_class_2:float64 | proba_class_3:float64,,not_applicable_or_unspecified,not_applicable,frozen_final_artefact
crypto_s2_labels,L:\Documents\reddit_analyses\thread-size\Outputs\2_thread_size\crypto\4_model\model_2\model_data\y_test.parquet,selected Stage 2 saved held-out labels,parquet,True,Zenodo 10.5281/zenodo.17831100 v1.0 extracted mirror,6c777646e36a6cbf474f0b718c3195552f175ba0c687843e98210ee478042f2c,2413.0,2025-12-08T02:01:34+00:00,2964.0,y_test,y_test:int64,,not_applicable_or_unspecified,not_applicable,frozen_final_artefact
crypto_s2_metadata,L:\Documents\reddit_analyses\thread-size\Outputs\2_thread_size\crypto\4_model\model_2\test_data_results.xlsx,selected Stage 2 model metadata and metrics,xlsx,True,Zenodo 10.5281/zenodo.17831100 v1.0 extracted mirror,e0eb3aae582e68ebca1a9158c6dd8d41b40e36afbf1a7a3121ca7ded117a8ff9,11575.0,2025-12-08T02:03:59+00:00,,info|class_sizes|model_params|hyperparams|classification_report|performance|shap_summary,Excel workbook; sheets=info|class_sizes|model_params|hyperparams|classification_report|performance|shap_summary,,not_applicable_or_unspecified,not_applicable,frozen_final_artefact
politics_clean_threads,L:\Documents\reddit_analyses\thread-size\Inputs\politics_threads.parquet,final cleaned roots,parquet,True,Zenodo 10.5281/zenodo.17831100 v1.0 extracted mirror,43f055ccafc8f1c1cb70dfe93f5174c91259fc990e852a5e668f5ca13053ddff,6242502.0,2025-11-13T15:41:36+00:00,65343.0,thread_id|thread_size|authors|timestamp|author|score|subject_sentiment_score|success|domain|domain_pagerank|external_domain|body|subject|__index_level_0__,thread_id:string | thread_size:int64 | authors:int64 | timestamp:timestamp[ns] | author:string | score:int64 | subject_sentiment_score:double | success:int64 | domain:string | domain_pagerank:double | external_domain:int64 | body:string | subject:string | __index_level_0__:int64,timestamp,naive,UTC,frozen_final_artefact
politics_clean_comments,L:\Documents\reddit_analyses\thread-size\Inputs\politics_comments.parquet,final cleaned comments,parquet,True,Zenodo 10.5281/zenodo.17831100 v1.0 extracted mirror,2d3f4fff24040aa7dc3648d55428a471c0b8bf1d496002cdfa05f87b21b122c0,650703176.0,2025-11-13T15:41:49+00:00,3574447.0,thread_id|id|timestamp|author|domain|parent|score|body_sentiment_score|date|level|parent_comment|body|__index_level_0__,thread_id:string | id:string | timestamp:timestamp[ns] | author:string | domain:null | parent:string | score:int64 | body_sentiment_score:double | date:date32[day] | level:int64 | parent_comment:string | body:string | __index_level_0__:int64,timestamp,naive,UTC,frozen_final_artefact
politics_feature_threads,L:\Documents\reddit_analyses\thread-size\Outputs\0_preprocessing\politics\politics_threads_extra_feats.parquet,feature-construction root output,parquet,True,Zenodo 10.5281/zenodo.17831100 v1.0 extracted mirror,9ceedfc958183659547cf531b78d221ad30ed481c410db9d5814bf6d2e8727ab,9791535.0,2025-12-02T22:58:44+00:00,65343.0,thread_id|thread_size|authors|timestamp|author|score|subject_sentiment_score|success|domain|domain_pagerank|external_domain|body|subject|includes_image|includes_video|reddit_domain|is_external_domain|includes_body|subject_length|avg_word_length|unique_word_ratio|stopword_ratio|noun_ratio|verb_ratio|exclamation_ratio|caps_ratio|question_ratio|direct_reply_count|direct_reply_sentiment_std|mean_direct_reply_length|thread_depth|hour|dayofweek|clean_text|log_thread_size|__index_level_0__,thread_id:string | thread_size:int64 | authors:int64 | timestamp:timestamp[ns] | author:string | score:int64 | subject_sentiment_score:double | success:int64 | domain:string | domain_pagerank:double | external_domain:int64 | body:string | subject:string | includes_image:int64 | includes_video:int64 | reddit_domain:int64 | is_external_domain:int64 | includes_body:bool | subject_length:int64 | avg_word_length:double | unique_word_ratio:double | stopword_ratio:double | noun_ratio:double | verb_ratio:double | exclamation_ratio:double | caps_ratio:double | question_ratio:double | direct_reply_count:double | direct_reply_sentiment_std:double | mean_direct_reply_length:double | thread_depth:double | hour:int32 | dayofweek:int32 | clean_text:string | log_thread_size:double | __index_level_0__:int64,timestamp,naive,UTC,frozen_final_artefact
politics_enriched_test,L:\Documents\reddit_analyses\thread-size\Outputs\0_preprocessing\politics\tf-idf\politics_svd_enriched_test_data.parquet,chronological held-out artefact with stable root ID,parquet,True,Zenodo 10.5281/zenodo.17831100 v1.0 extracted mirror,8088ee012fd253f32bc07fea6e5fd01bde05398cdefa577bda04ef5e6b8c77a6,41409798.0,2025-12-03T14:00:54+00:00,13069.0,thread_id|thread_size|authors|timestamp|author|score|subject_sentiment_score|success|domain|domain_pagerank|external_domain|body|subject|includes_image|includes_video|reddit_domain|is_external_domain|includes_body|subject_length|avg_word_length|unique_word_ratio|stopword_ratio|noun_ratio|verb_ratio|exclamation_ratio|caps_ratio|question_ratio|direct_reply_count|direct_reply_sentiment_std|mean_direct_reply_length|thread_depth|hour|dayofweek|clean_text|log_thread_size|svd_0|svd_1|svd_2|svd_3|svd_4|svd_5|svd_6|svd_7|svd_8|svd_9|svd_10|svd_11|svd_12|svd_13|svd_14|svd_15|svd_16|svd_17|svd_18|svd_19|svd_20|svd_21|svd_22|svd_23|svd_24|svd_25|svd_26|svd_27|svd_28|svd_29|svd_30|svd_31|svd_32|svd_33|svd_34|svd_35|svd_36|svd_37|svd_38|svd_39|svd_40|svd_41|svd_42|svd_43|svd_44|svd_45|svd_46|svd_47|svd_48|svd_49|svd_50|svd_51|svd_52|svd_53|svd_54|svd_55|svd_56|svd_57|svd_58|svd_59|svd_60|svd_61|svd_62|svd_63|svd_64|svd_65|svd_66|svd_67|svd_68|svd_69|svd_70|svd_71|svd_72|svd_73|svd_74|svd_75|svd_76|svd_77|svd_78|svd_79|svd_80|svd_81|svd_82|svd_83|svd_84|svd_85|svd_86|svd_87|svd_88|svd_89|svd_90|svd_91|svd_92|svd_93|svd_94|svd_95|svd_96|svd_97|svd_98|svd_99|svd_100|svd_101|svd_102|svd_103|svd_104|svd_105|svd_106|svd_107|svd_108|svd_109|svd_110|svd_111|svd_112|svd_113|svd_114|svd_115|svd_116|svd_117|svd_118|svd_119|svd_120|svd_121|svd_122|svd_123|svd_124|svd_125|svd_126|svd_127|svd_128|svd_129|svd_130|svd_131|svd_132|svd_133|svd_134|svd_135|svd_136|svd_137|svd_138|svd_139|svd_140|svd_141|svd_142|svd_143|svd_144|svd_145|svd_146|svd_147|svd_148|svd_149|svd_150|svd_151|svd_152|svd_153|svd_154|svd_155|svd_156|svd_157|svd_158|svd_159|svd_160|svd_161|svd_162|svd_163|svd_164|svd_165|svd_166|svd_167|svd_168|svd_169|svd_170|svd_171|svd_172|svd_173|svd_174|svd_175|svd_176|svd_177|svd_178|svd_179|svd_180|svd_181|svd_182|svd_183|svd_184|svd_185|svd_186|svd_187|svd_188|svd_189|svd_190|svd_191|svd_192|svd_193|svd_194|svd_195|svd_196|svd_197|svd_198|svd_199|svd_200|svd_201|svd_202|svd_203|svd_204|svd_205|svd_206|svd_207|svd_208|svd_209|svd_210|svd_211|svd_212|svd_213|svd_214|svd_215|svd_216|svd_217|svd_218|svd_219|svd_220|svd_221|svd_222|svd_223|svd_224|svd_225|svd_226|svd_227|svd_228|svd_229|svd_230|svd_231|svd_232|svd_233|svd_234|svd_235|svd_236|svd_237|svd_238|svd_239|svd_240|svd_241|svd_242|svd_243|svd_244|svd_245|svd_246|svd_247|svd_248|svd_249|svd_250|svd_251|svd_252|svd_253|svd_254|svd_255|svd_256|svd_257|svd_258|svd_259|svd_260|svd_261|svd_262|svd_263|svd_264|svd_265|svd_266|svd_267|svd_268|svd_269|svd_270|svd_271|svd_272|svd_273|svd_274|svd_275|svd_276|svd_277|svd_278|svd_279|svd_280|svd_281|svd_282|svd_283|svd_284|svd_285|svd_286|svd_287|svd_288|svd_289|svd_290|svd_291|svd_292|svd_293|svd_294|svd_295|svd_296|svd_297|svd_298|svd_299|svd_300|svd_301|svd_302|svd_303|svd_304|svd_305|svd_306|svd_307|svd_308|svd_309|svd_310|svd_311|svd_312|svd_313|svd_314|svd_315|svd_316|svd_317|svd_318|svd_319|svd_320|svd_321|svd_322|svd_323|svd_324|svd_325|svd_326|svd_327|svd_328|svd_329|svd_330|svd_331|svd_332|svd_333|svd_334|svd_335|svd_336|svd_337|svd_338|svd_339|svd_340|svd_341|svd_342|svd_343|svd_344|svd_345|svd_346|svd_347|svd_348|svd_349|svd_350|svd_351|svd_352|svd_353|svd_354|svd_355|svd_356|svd_357|svd_358|svd_359|svd_360|svd_361|svd_362|svd_363|svd_364|svd_365|svd_366|svd_367|svd_368|svd_369|svd_370|svd_371|svd_372|svd_373|svd_374|svd_375|svd_376|svd_377|svd_378|svd_379|svd_380|svd_381|svd_382|svd_383|svd_384|svd_385|svd_386|svd_387|svd_388|svd_389|svd_390|svd_391|svd_392|svd_393|svd_394|svd_395|svd_396|svd_397,thread_id:string | thread_size:int64 | authors:int64 | timestamp:timestamp[ns] | author:string | score:int64 | subject_sentiment_score:double | success:int64 | domain:string | domain_pagerank:double | external_domain:int64 | body:string | subject:string | includes_image:int64 | includes_video:int64 | reddit_domain:int64 | is_external_domain:int64 | includes_body:bool | subject_length:int64 | avg_word_length:double | unique_word_ratio:double | stopword_ratio:double | noun_ratio:double | verb_ratio:double | exclamation_ratio:double | caps_ratio:double | question_ratio:double | direct_reply_count:double | direct_reply_sentiment_std:double | mean_direct_reply_length:double | thread_depth:double | hour:int32 | dayofweek:int32 | clean_text:string | log_thread_size:double | svd_0:double | svd_1:double | svd_2:double | svd_3:double | svd_4:double | svd_5:double | svd_6:double | svd_7:double | svd_8:double | svd_9:double | svd_10:double | svd_11:double | svd_12:double | svd_13:double | svd_14:double | svd_15:double | svd_16:double | svd_17:double | svd_18:double | svd_19:double | svd_20:double | svd_21:double | svd_22:double | svd_23:double | svd_24:double | svd_25:double | svd_26:double | svd_27:double | svd_28:double | svd_29:double | svd_30:double | svd_31:double | svd_32:double | svd_33:double | svd_34:double | svd_35:double | svd_36:double | svd_37:double | svd_38:double | svd_39:double | svd_40:double | svd_41:double | svd_42:double | svd_43:double | svd_44:double | svd_45:double | svd_46:double | svd_47:double | svd_48:double | svd_49:double | svd_50:double | svd_51:double | svd_52:double | svd_53:double | svd_54:double | svd_55:double | svd_56:double | svd_57:double | svd_58:double | svd_59:double | svd_60:double | svd_61:double | svd_62:double | svd_63:double | svd_64:double | svd_65:double | svd_66:double | svd_67:double | svd_68:double | svd_69:double | svd_70:double | svd_71:double | svd_72:double | svd_73:double | svd_74:double | svd_75:double | svd_76:double | svd_77:double | svd_78:double | svd_79:double | svd_80:double | svd_81:double | svd_82:double | svd_83:double | svd_84:double | svd_85:double | svd_86:double | svd_87:double | svd_88:double | svd_89:double | svd_90:double | svd_91:double | svd_92:double | svd_93:double | svd_94:double | svd_95:double | svd_96:double | svd_97:double | svd_98:double | svd_99:double | svd_100:double | svd_101:double | svd_102:double | svd_103:double | svd_104:double | svd_105:double | svd_106:double | svd_107:double | svd_108:double | svd_109:double | svd_110:double | svd_111:double | svd_112:double | svd_113:double | svd_114:double | svd_115:double | svd_116:double | svd_117:double | svd_118:double | svd_119:double | svd_120:double | svd_121:double | svd_122:double | svd_123:double | svd_124:double | svd_125:double | svd_126:double | svd_127:double | svd_128:double | svd_129:double | svd_130:double | svd_131:double | svd_132:double | svd_133:double | svd_134:double | svd_135:double | svd_136:double | svd_137:double | svd_138:double | svd_139:double | svd_140:double | svd_141:double | svd_142:double | svd_143:double | svd_144:double | svd_145:double | svd_146:double | svd_147:double | svd_148:double | svd_149:double | svd_150:double | svd_151:double | svd_152:double | svd_153:double | svd_154:double | svd_155:double | svd_156:double | svd_157:double | svd_158:double | svd_159:double | svd_160:double | svd_161:double | svd_162:double | svd_163:double | svd_164:double | svd_165:double | svd_166:double | svd_167:double | svd_168:double | svd_169:double | svd_170:double | svd_171:double | svd_172:double | svd_173:double | svd_174:double | svd_175:double | svd_176:double | svd_177:double | svd_178:double | svd_179:double | svd_180:double | svd_181:double | svd_182:double | svd_183:double | svd_184:double | svd_185:double | svd_186:double | svd_187:double | svd_188:double | svd_189:double | svd_190:double | svd_191:double | svd_192:double | svd_193:double | svd_194:double | svd_195:double | svd_196:double | svd_197:double | svd_198:double | svd_199:double | svd_200:double | svd_201:double | svd_202:double | svd_203:double | svd_204:double | svd_205:double | svd_206:double | svd_207:double | svd_208:double | svd_209:double | svd_210:double | svd_211:double | svd_212:double | svd_213:double | svd_214:double | svd_215:double | svd_216:double | svd_217:double | svd_218:double | svd_219:double | svd_220:double | svd_221:double | svd_222:double | svd_223:double | svd_224:double | svd_225:double | svd_226:double | svd_227:double | svd_228:double | svd_229:double | svd_230:double | svd_231:double | svd_232:double | svd_233:double | svd_234:double | svd_235:double | svd_236:double | svd_237:double | svd_238:double | svd_239:double | svd_240:double | svd_241:double | svd_242:double | svd_243:double | svd_244:double | svd_245:double | svd_246:double | svd_247:double | svd_248:double | svd_249:double | svd_250:double | svd_251:double | svd_252:double | svd_253:double | svd_254:double | svd_255:double | svd_256:double | svd_257:double | svd_258:double | svd_259:double | svd_260:double | svd_261:double | svd_262:double | svd_263:double | svd_264:double | svd_265:double | svd_266:double | svd_267:double | svd_268:double | svd_269:double | svd_270:double | svd_271:double | svd_272:double | svd_273:double | svd_274:double | svd_275:double | svd_276:double | svd_277:double | svd_278:double | svd_279:double | svd_280:double | svd_281:double | svd_282:double | svd_283:double | svd_284:double | svd_285:double | svd_286:double | svd_287:double | svd_288:double | svd_289:double | svd_290:double | svd_291:double | svd_292:double | svd_293:double | svd_294:double | svd_295:double | svd_296:double | svd_297:double | svd_298:double | svd_299:double | svd_300:double | svd_301:double | svd_302:double | svd_303:double | svd_304:double | svd_305:double | svd_306:double | svd_307:double | svd_308:double | svd_309:double | svd_310:double | svd_311:double | svd_312:double | svd_313:double | svd_314:double | svd_315:double | svd_316:double | svd_317:double | svd_318:double | svd_319:double | svd_320:double | svd_321:double | svd_322:double | svd_323:double | svd_324:double | svd_325:double | svd_326:double | svd_327:double | svd_328:double | svd_329:double | svd_330:double | svd_331:double | svd_332:double | svd_333:double | svd_334:double | svd_335:double | svd_336:double | svd_337:double | svd_338:double | svd_339:double | svd_340:double | svd_341:double | svd_342:double | svd_343:double | svd_344:double | svd_345:double | svd_346:double | svd_347:double | svd_348:double | svd_349:double | svd_350:double | svd_351:double | svd_352:double | svd_353:double | svd_354:double | svd_355:double | svd_356:double | svd_357:double | svd_358:double | svd_359:double | svd_360:double | svd_361:double | svd_362:double | svd_363:double | svd_364:double | svd_365:double | svd_366:double | svd_367:double | svd_368:double | svd_369:double | svd_370:double | svd_371:double | svd_372:double | svd_373:double | svd_374:double | svd_375:double | svd_376:double | svd_377:double | svd_378:double | svd_379:double | svd_380:double | svd_381:double | svd_382:double | svd_383:double | svd_384:double | svd_385:double | svd_386:double | svd_387:double | svd_388:double | svd_389:double | svd_390:double | svd_391:double | svd_392:double | svd_393:double | svd_394:double | svd_395:double | svd_396:double | svd_397:double,timestamp,naive,UTC,frozen_final_artefact
politics_test_X,L:\Documents\reddit_analyses\thread-size\Outputs\0_preprocessing\politics\politics_test_X.parquet,final held-out feature matrix,parquet,True,Zenodo 10.5281/zenodo.17831100 v1.0 extracted mirror,a67e20a87b2ecabb634642a7b6ffe09ca588d03fbf9675f5030664329d2849bf,39622445.0,2025-12-03T14:01:21+00:00,13069.0,subject_sentiment_score|domain_pagerank|includes_image|includes_video|is_external_domain|subject_length|avg_word_length|unique_word_ratio|verb_ratio|exclamation_ratio|caps_ratio|question_ratio|hour|dayofweek|svd_0|svd_1|svd_2|svd_3|svd_4|svd_5|svd_6|svd_7|svd_8|svd_9|svd_10|svd_11|svd_12|svd_13|svd_14|svd_15|svd_16|svd_17|svd_18|svd_19|svd_20|svd_21|svd_22|svd_23|svd_24|svd_25|svd_26|svd_27|svd_28|svd_29|svd_30|svd_31|svd_32|svd_33|svd_34|svd_35|svd_36|svd_37|svd_38|svd_39|svd_40|svd_41|svd_42|svd_43|svd_44|svd_45|svd_46|svd_47|svd_48|svd_49|svd_50|svd_51|svd_52|svd_53|svd_54|svd_55|svd_56|svd_57|svd_58|svd_59|svd_60|svd_61|svd_62|svd_63|svd_64|svd_65|svd_66|svd_67|svd_68|svd_69|svd_70|svd_71|svd_72|svd_73|svd_74|svd_75|svd_76|svd_77|svd_78|svd_79|svd_80|svd_81|svd_82|svd_83|svd_84|svd_85|svd_86|svd_87|svd_88|svd_89|svd_90|svd_91|svd_92|svd_93|svd_94|svd_95|svd_96|svd_97|svd_98|svd_99|svd_100|svd_101|svd_102|svd_103|svd_104|svd_105|svd_106|svd_107|svd_108|svd_109|svd_110|svd_111|svd_112|svd_113|svd_114|svd_115|svd_116|svd_117|svd_118|svd_119|svd_120|svd_121|svd_122|svd_123|svd_124|svd_125|svd_126|svd_127|svd_128|svd_129|svd_130|svd_131|svd_132|svd_133|svd_134|svd_135|svd_136|svd_137|svd_138|svd_139|svd_140|svd_141|svd_142|svd_143|svd_144|svd_145|svd_146|svd_147|svd_148|svd_149|svd_150|svd_151|svd_152|svd_153|svd_154|svd_155|svd_156|svd_157|svd_158|svd_159|svd_160|svd_161|svd_162|svd_163|svd_164|svd_165|svd_166|svd_167|svd_168|svd_169|svd_170|svd_171|svd_172|svd_173|svd_174|svd_175|svd_176|svd_177|svd_178|svd_179|svd_180|svd_181|svd_182|svd_183|svd_184|svd_185|svd_186|svd_187|svd_188|svd_189|svd_190|svd_191|svd_192|svd_193|svd_194|svd_195|svd_196|svd_197|svd_198|svd_199|svd_200|svd_201|svd_202|svd_203|svd_204|svd_205|svd_206|svd_207|svd_208|svd_209|svd_210|svd_211|svd_212|svd_213|svd_214|svd_215|svd_216|svd_217|svd_218|svd_219|svd_220|svd_221|svd_222|svd_223|svd_224|svd_225|svd_226|svd_227|svd_228|svd_229|svd_230|svd_231|svd_232|svd_233|svd_234|svd_235|svd_236|svd_237|svd_238|svd_239|svd_240|svd_241|svd_242|svd_243|svd_244|svd_245|svd_246|svd_247|svd_248|svd_249|svd_250|svd_251|svd_252|svd_253|svd_254|svd_255|svd_256|svd_257|svd_258|svd_259|svd_260|svd_261|svd_262|svd_263|svd_264|svd_265|svd_266|svd_267|svd_268|svd_269|svd_270|svd_271|svd_272|svd_273|svd_274|svd_275|svd_276|svd_277|svd_278|svd_279|svd_280|svd_281|svd_282|svd_283|svd_284|svd_285|svd_286|svd_287|svd_288|svd_289|svd_290|svd_291|svd_292|svd_293|svd_294|svd_295|svd_296|svd_297|svd_298|svd_299|svd_300|svd_301|svd_302|svd_303|svd_304|svd_305|svd_306|svd_307|svd_308|svd_309|svd_310|svd_311|svd_312|svd_313|svd_314|svd_315|svd_316|svd_317|svd_318|svd_319|svd_320|svd_321|svd_322|svd_323|svd_324|svd_325|svd_326|svd_327|svd_328|svd_329|svd_330|svd_331|svd_332|svd_333|svd_334|svd_335|svd_336|svd_337|svd_338|svd_339|svd_340|svd_341|svd_342|svd_343|svd_344|svd_345|svd_346|svd_347|svd_348|svd_349|svd_350|svd_351|svd_352|svd_353|svd_354|svd_355|svd_356|svd_357|svd_358|svd_359|svd_360|svd_361|svd_362|svd_363|svd_364|svd_365|svd_366|svd_367|svd_368|svd_369|svd_370|svd_371|svd_372|svd_373|svd_374|svd_375|svd_376|svd_377|svd_378|svd_379|svd_380|svd_381|svd_382|svd_383|svd_384|svd_385|svd_386|svd_387|svd_388|svd_389|svd_390|svd_391|svd_392|svd_393|svd_394|svd_395|svd_396|svd_397|author_freq|domain_freq,subject_sentiment_score:double | domain_pagerank:double | includes_image:int64 | includes_video:int64 | is_external_domain:int64 | subject_length:int64 | avg_word_length:double | unique_word_ratio:double | verb_ratio:double | exclamation_ratio:double | caps_ratio:double | question_ratio:double | hour:int32 | dayofweek:int32 | svd_0:double | svd_1:double | svd_2:double | svd_3:double | svd_4:double | svd_5:double | svd_6:double | svd_7:double | svd_8:double | svd_9:double | svd_10:double | svd_11:double | svd_12:double | svd_13:double | svd_14:double | svd_15:double | svd_16:double | svd_17:double | svd_18:double | svd_19:double | svd_20:double | svd_21:double | svd_22:double | svd_23:double | svd_24:double | svd_25:double | svd_26:double | svd_27:double | svd_28:double | svd_29:double | svd_30:double | svd_31:double | svd_32:double | svd_33:double | svd_34:double | svd_35:double | svd_36:double | svd_37:double | svd_38:double | svd_39:double | svd_40:double | svd_41:double | svd_42:double | svd_43:double | svd_44:double | svd_45:double | svd_46:double | svd_47:double | svd_48:double | svd_49:double | svd_50:double | svd_51:double | svd_52:double | svd_53:double | svd_54:double | svd_55:double | svd_56:double | svd_57:double | svd_58:double | svd_59:double | svd_60:double | svd_61:double | svd_62:double | svd_63:double | svd_64:double | svd_65:double | svd_66:double | svd_67:double | svd_68:double | svd_69:double | svd_70:double | svd_71:double | svd_72:double | svd_73:double | svd_74:double | svd_75:double | svd_76:double | svd_77:double | svd_78:double | svd_79:double | svd_80:double | svd_81:double | svd_82:double | svd_83:double | svd_84:double | svd_85:double | svd_86:double | svd_87:double | svd_88:double | svd_89:double | svd_90:double | svd_91:double | svd_92:double | svd_93:double | svd_94:double | svd_95:double | svd_96:double | svd_97:double | svd_98:double | svd_99:double | svd_100:double | svd_101:double | svd_102:double | svd_103:double | svd_104:double | svd_105:double | svd_106:double | svd_107:double | svd_108:double | svd_109:double | svd_110:double | svd_111:double | svd_112:double | svd_113:double | svd_114:double | svd_115:double | svd_116:double | svd_117:double | svd_118:double | svd_119:double | svd_120:double | svd_121:double | svd_122:double | svd_123:double | svd_124:double | svd_125:double | svd_126:double | svd_127:double | svd_128:double | svd_129:double | svd_130:double | svd_131:double | svd_132:double | svd_133:double | svd_134:double | svd_135:double | svd_136:double | svd_137:double | svd_138:double | svd_139:double | svd_140:double | svd_141:double | svd_142:double | svd_143:double | svd_144:double | svd_145:double | svd_146:double | svd_147:double | svd_148:double | svd_149:double | svd_150:double | svd_151:double | svd_152:double | svd_153:double | svd_154:double | svd_155:double | svd_156:double | svd_157:double | svd_158:double | svd_159:double | svd_160:double | svd_161:double | svd_162:double | svd_163:double | svd_164:double | svd_165:double | svd_166:double | svd_167:double | svd_168:double | svd_169:double | svd_170:double | svd_171:double | svd_172:double | svd_173:double | svd_174:double | svd_175:double | svd_176:double | svd_177:double | svd_178:double | svd_179:double | svd_180:double | svd_181:double | svd_182:double | svd_183:double | svd_184:double | svd_185:double | svd_186:double | svd_187:double | svd_188:double | svd_189:double | svd_190:double | svd_191:double | svd_192:double | svd_193:double | svd_194:double | svd_195:double | svd_196:double | svd_197:double | svd_198:double | svd_199:double | svd_200:double | svd_201:double | svd_202:double | svd_203:double | svd_204:double | svd_205:double | svd_206:double | svd_207:double | svd_208:double | svd_209:double | svd_210:double | svd_211:double | svd_212:double | svd_213:double | svd_214:double | svd_215:double | svd_216:double | svd_217:double | svd_218:double | svd_219:double | svd_220:double | svd_221:double | svd_222:double | svd_223:double | svd_224:double | svd_225:double | svd_226:double | svd_227:double | svd_228:double | svd_229:double | svd_230:double | svd_231:double | svd_232:double | svd_233:double | svd_234:double | svd_235:double | svd_236:double | svd_237:double | svd_238:double | svd_239:double | svd_240:double | svd_241:double | svd_242:double | svd_243:double | svd_244:double | svd_245:double | svd_246:double | svd_247:double | svd_248:double | svd_249:double | svd_250:double | svd_251:double | svd_252:double | svd_253:double | svd_254:double | svd_255:double | svd_256:double | svd_257:double | svd_258:double | svd_259:double | svd_260:double | svd_261:double | svd_262:double | svd_263:double | svd_264:double | svd_265:double | svd_266:double | svd_267:double | svd_268:double | svd_269:double | svd_270:double | svd_271:double | svd_272:double | svd_273:double | svd_274:double | svd_275:double | svd_276:double | svd_277:double | svd_278:double | svd_279:double | svd_280:double | svd_281:double | svd_282:double | svd_283:double | svd_284:double | svd_285:double | svd_286:double | svd_287:double | svd_288:double | svd_289:double | svd_290:double | svd_291:double | svd_292:double | svd_293:double | svd_294:double | svd_295:double | svd_296:double | svd_297:double | svd_298:double | svd_299:double | svd_300:double | svd_301:double | svd_302:double | svd_303:double | svd_304:double | svd_305:double | svd_306:double | svd_307:double | svd_308:double | svd_309:double | svd_310:double | svd_311:double | svd_312:double | svd_313:double | svd_314:double | svd_315:double | svd_316:double | svd_317:double | svd_318:double | svd_319:double | svd_320:double | svd_321:double | svd_322:double | svd_323:double | svd_324:double | svd_325:double | svd_326:double | svd_327:double | svd_328:double | svd_329:double | svd_330:double | svd_331:double | svd_332:double | svd_333:double | svd_334:double | svd_335:double | svd_336:double | svd_337:double | svd_338:double | svd_339:double | svd_340:double | svd_341:double | svd_342:double | svd_343:double | svd_344:double | svd_345:double | svd_346:double | svd_347:double | svd_348:double | svd_349:double | svd_350:double | svd_351:double | svd_352:double | svd_353:double | svd_354:double | svd_355:double | svd_356:double | svd_357:double | svd_358:double | svd_359:double | svd_360:double | svd_361:double | svd_362:double | svd_363:double | svd_364:double | svd_365:double | svd_366:double | svd_367:double | svd_368:double | svd_369:double | svd_370:double | svd_371:double | svd_372:double | svd_373:double | svd_374:double | svd_375:double | svd_376:double | svd_377:double | svd_378:double | svd_379:double | svd_380:double | svd_381:double | svd_382:double | svd_383:double | svd_384:double | svd_385:double | svd_386:double | svd_387:double | svd_388:double | svd_389:double | svd_390:double | svd_391:double | svd_392:double | svd_393:double | svd_394:double | svd_395:double | svd_396:double | svd_397:double | author_freq:float | domain_freq:float,,not_applicable_or_unspecified,not_applicable,frozen_final_artefact
politics_test_Y,L:\Documents\reddit_analyses\thread-size\Outputs\0_preprocessing\politics\politics_test_Y.parquet,final held-out target artefact,parquet,True,Zenodo 10.5281/zenodo.17831100 v1.0 extracted mirror,4e164854f234b5fda8f9c50decb3e2cd94afd2cf1ddf4be40f42a9a15964f5c8,355953.0,2025-12-03T14:01:21+00:00,13069.0,timestamp|thread_size|authors|score|thread_depth|direct_reply_count|direct_reply_sentiment_std|mean_direct_reply_length|log_thread_size,timestamp:timestamp[ns] | thread_size:int64 | authors:int64 | score:int64 | thread_depth:double | direct_reply_count:double | direct_reply_sentiment_std:double | mean_direct_reply_length:double | log_thread_size:double,timestamp,naive,UTC,frozen_final_artefact
politics_s1_predictions,L:\Documents\reddit_analyses\thread-size\Outputs\1_thread_start\politics\4_model\model_4\test_started_threads.parquet,selected Stage 1 frozen held-out predictions,parquet,True,Zenodo 10.5281/zenodo.17831100 v1.0 extracted mirror,d789887d1eb177959698d373776297930459eec51812657a87d121cf3684b18f,148387.0,2025-12-08T06:53:50+00:00,13069.0,index|proba|predicted,index:int64 | proba:double | predicted:int64,,not_applicable_or_unspecified,not_applicable,frozen_final_artefact
politics_s1_metadata,L:\Documents\reddit_analyses\thread-size\Outputs\1_thread_start\politics\4_model\model_4\test_data_results.xlsx,selected Stage 1 model metadata and metrics,xlsx,True,Zenodo 10.5281/zenodo.17831100 v1.0 extracted mirror,f39d2ba6a03b124d8942b20776d0323022ce34c9b8592e2a68e03e7c559fb1e2,11018.0,2025-12-08T06:53:53+00:00,,model_info|model_params|performance|hyperparams|test_report|oof_report|SHAP_Importance,Excel workbook; sheets=model_info|model_params|performance|hyperparams|test_report|oof_report|SHAP_Importance,,not_applicable_or_unspecified,not_applicable,frozen_final_artefact
politics_s2_predictions,L:\Documents\reddit_analyses\thread-size\Outputs\2_thread_size\politics\4_model\model_3\test_preds.csv,selected Stage 2 frozen held-out predictions,csv,True,Zenodo 10.5281/zenodo.17831100 v1.0 extracted mirror,4cd194644ea6110460da632e5a088b5311c34ff8bc878519609eb75b3ae72892,1144106.0,2025-12-08T08:07:02+00:00,13069.0,index|true_class|predicted_class|proba_class_0|proba_class_1|proba_class_2|proba_class_3,index:int64 | true_class:int64 | predicted_class:int64 | proba_class_0:float64 | proba_class_1:float64 | proba_class_2:float64 | proba_class_3:float64,,not_applicable_or_unspecified,not_applicable,frozen_final_artefact
politics_s2_labels,L:\Documents\reddit_analyses\thread-size\Outputs\2_thread_size\politics\4_model\model_3\model_data\y_test.parquet,selected Stage 2 saved held-out labels,parquet,True,Zenodo 10.5281/zenodo.17831100 v1.0 extracted mirror,37be83b559f417708f53e69ecce2c6efdc01ae9fcfb67abc17ca0c5f8aa63476,4946.0,2025-12-08T08:05:04+00:00,13069.0,y_test,y_test:int64,,not_applicable_or_unspecified,not_applicable,frozen_final_artefact
politics_s2_metadata,L:\Documents\reddit_analyses\thread-size\Outputs\2_thread_size\politics\4_model\model_3\test_data_results.xlsx,selected Stage 2 model metadata and metrics,xlsx,True,Zenodo 10.5281/zenodo.17831100 v1.0 extracted mirror,e11f23a7df0d31794186524511f2bbbf5926404cd368d1436b79df20de9890a1,11644.0,2025-12-08T08:07:02+00:00,,info|class_sizes|model_params|hyperparams|classification_report|performance|shap_summary,Excel workbook; sheets=info|class_sizes|model_params|hyperparams|classification_report|performance|shap_summary,,not_applicable_or_unspecified,not_applicable,frozen_final_artefact
stage1_model_selection,L:\Documents\reddit_analyses\thread-size\Publication_Outputs\1_Thread_Start\s1_mods.txt,publication model selection,text,True,Zenodo 10.5281/zenodo.17831100 v1.0 extracted mirror,0bc77b7e93e0bfa73d32156ee885f872305059c15103c3839a2de2614e764d27,33.0,2025-12-04T13:23:04+00:00,,,plain text,,not_applicable_or_unspecified,not_applicable,frozen_final_artefact
stage2_model_selection,L:\Documents\reddit_analyses\thread-size\Publication_Outputs\2_Thread_Size\s2_mods.txt,publication model selection,text,True,Zenodo 10.5281/zenodo.17831100 v1.0 extracted mirror,82ba242e663fa01634c6247c534cefc84240be6798a1ca7acc7b5dd2a2591c0f,33.0,2025-12-08T11:48:57+00:00,,,plain text,,not_applicable_or_unspecified,not_applicable,frozen_final_artefact
zenodo_frozen_readme,L:\Documents\reddit_analyses\thread-size\Zenodo_upload\README.md,frozen deposit documentation,text,True,Zenodo 10.5281/zenodo.17831100 v1.0 extracted mirror,1db5b86c64e4e10ed2ae83360d07d08457223b3f982156cbc12e87e42e1c222b,13300.0,2025-12-08T19:22:19+00:00,,,plain text,,not_applicable_or_unspecified,not_applicable,frozen_final_artefact
zenodo_model_record,https://doi.org/10.5281/zenodo.17831100,authoritative deposit metadata for frozen modelling artefacts,Zenodo record,True,1.0; published 2025-12-05; record 17831100,,,,,,,,,,authoritative_external_metadata
zenodo_raw_record,https://doi.org/10.5281/zenodo.17079717,authoritative raw-data coverage dates and raw archive files,Zenodo record,True,1.0; published 2025-09-08; record 17079717,,,,,,,,,,authoritative_external_metadata; coverage boundary only
