subreddit,task,split,bin,saved_observed_fraction,saved_mean_predicted_probability,recomputed_from_rows
r/Conspiracy,thread initiation,chronological test,1,0.5983263598326359,0.6174911861492262,True
r/Conspiracy,thread initiation,chronological test,2,0.8577981651376146,0.7832048134462134,True
r/Conspiracy,thread initiation,chronological test,3,0.8370044052863436,0.8000285816587778,True
r/Conspiracy,thread initiation,chronological test,4,0.8289473684210527,0.8136113363230745,True
r/Conspiracy,thread initiation,chronological test,5,0.8771929824561403,0.829463399491551,True
r/Conspiracy,thread initiation,chronological test,6,0.8546255506607929,0.8486813636673379,True
r/Conspiracy,thread initiation,chronological test,7,0.8874458874458875,0.8714146088690711,True
r/Conspiracy,thread initiation,chronological test,8,0.9377777777777778,0.9093418140463582,True
r/Conspiracy,thread initiation,chronological test,9,0.9652173913043478,0.9449758974185928,True
r/Conspiracy,thread initiation,chronological test,10,0.9823008849557522,0.9781646265556054,True
r/Conspiracy,thread initiation,OOF training,1,0.6177685950413223,0.5789587882669153,False
r/Conspiracy,thread initiation,OOF training,2,0.8237747653806048,0.7805487896928521,False
r/Conspiracy,thread initiation,OOF training,3,0.8011204481792717,0.7924757137658905,False
r/Conspiracy,thread initiation,OOF training,4,0.8282078472958643,0.8091916916757832,False
r/Conspiracy,thread initiation,OOF training,5,0.8380520951302378,0.8473950296816382,False
r/Conspiracy,thread initiation,OOF training,6,0.8687782805429864,0.8714259145261543,False
r/Conspiracy,thread initiation,OOF training,7,0.8903803131991052,0.9062130849198832,False
r/Conspiracy,thread initiation,OOF training,8,0.9104638619201726,0.9361652711770727,False
r/Conspiracy,thread initiation,OOF training,9,0.9455128205128205,0.9811804912396676,False
r/Conspiracy,thread initiation,OOF training,10,0.9803571428571428,0.9998893655242577,False
r/CryptoCurrency,thread initiation,chronological test,1,0.10702341137123746,0.07091061414461733,True
r/CryptoCurrency,thread initiation,chronological test,2,0.15932203389830507,0.15306265321226592,True
r/CryptoCurrency,thread initiation,chronological test,3,0.18791946308724833,0.1949623437782094,True
r/CryptoCurrency,thread initiation,chronological test,4,0.28716216216216217,0.22911477375009026,True
r/CryptoCurrency,thread initiation,chronological test,5,0.2755102040816326,0.2667856674211575,True
r/CryptoCurrency,thread initiation,chronological test,6,0.2895622895622896,0.316283211569081,True
r/CryptoCurrency,thread initiation,chronological test,7,0.46621621621621623,0.41947335333547847,True
r/CryptoCurrency,thread initiation,chronological test,8,0.75,0.6916486496177946,True
r/CryptoCurrency,thread initiation,chronological test,9,0.8543046357615894,0.8543518533569567,True
r/CryptoCurrency,thread initiation,chronological test,10,0.9175257731958762,0.9198765480400455,True
r/CryptoCurrency,thread initiation,OOF training,1,0.1018957345971564,0.05243257052584909,False
r/CryptoCurrency,thread initiation,OOF training,2,0.17998385794995964,0.1772803216613542,False
r/CryptoCurrency,thread initiation,OOF training,3,0.2434715821812596,0.23946384611666693,False
r/CryptoCurrency,thread initiation,OOF training,4,0.2662241887905605,0.2863092638557533,False
r/CryptoCurrency,thread initiation,OOF training,5,0.33410672853828305,0.35329424336612986,False
r/CryptoCurrency,thread initiation,OOF training,6,0.4181662382176521,0.4565373173652325,False
r/CryptoCurrency,thread initiation,OOF training,7,0.6031468531468531,0.5622114191423829,False
r/CryptoCurrency,thread initiation,OOF training,8,0.7893481717011129,0.7737149694752309,False
r/CryptoCurrency,thread initiation,OOF training,9,0.8674884437596302,0.8691741883587795,False
r/CryptoCurrency,thread initiation,OOF training,10,0.9178794178794178,0.9400951153467715,False
r/politics,thread initiation,chronological test,1,0.025436046511627907,0.021593799101853283,True
r/politics,thread initiation,chronological test,2,0.13489499192245558,0.08980605226777424,True
r/politics,thread initiation,chronological test,3,0.6191926884996192,0.47557272921300636,True
r/politics,thread initiation,chronological test,4,0.8003072196620584,0.7216136181058751,True
r/politics,thread initiation,chronological test,5,0.8399693721286371,0.7780601924798356,True
r/politics,thread initiation,chronological test,6,0.8861726508785333,0.8189245982480011,True
r/politics,thread initiation,chronological test,7,0.9133435582822086,0.858299863335347,True
r/politics,thread initiation,chronological test,8,0.9150726855394032,0.8920643879062309,True
r/politics,thread initiation,chronological test,9,0.9443173150266971,0.916939365323201,True
r/politics,thread initiation,chronological test,10,0.9623944742900997,0.9389308411505626,True
r/politics,thread initiation,OOF training,1,0.029437687290675127,0.019828525889009824,False
r/politics,thread initiation,OOF training,2,0.09077956442092408,0.0959417645524767,False
r/politics,thread initiation,OOF training,3,0.38575321136629037,0.4138571169268286,False
r/politics,thread initiation,OOF training,4,0.6981666981666982,0.7110737026533941,False
r/politics,thread initiation,OOF training,5,0.776894639556377,0.7866935065584694,False
r/politics,thread initiation,OOF training,6,0.8348588863463006,0.8277053191006384,False
r/politics,thread initiation,OOF training,7,0.8656957928802589,0.8604755756092235,False
r/politics,thread initiation,OOF training,8,0.9004432321854756,0.8868519999426978,False
r/politics,thread initiation,OOF training,9,0.9202323330106486,0.9236192323427421,False
r/politics,thread initiation,OOF training,10,0.9322033898305084,0.9484561754457487,False
