subreddit,task,class,split,binning_rule,bin,n,probability_min,probability_max,mean_predicted_probability,observed_fraction,absolute_gap
r/Conspiracy,thread initiation,Started,chronological test,10 quantile bins,1,239,0.0,0.7739508764074527,0.6174911861492268,0.5983263598326359,0.01916482631659089
r/Conspiracy,thread initiation,Started,chronological test,10 quantile bins,2,218,0.774305430760302,0.7921035972801819,0.7832048134462137,0.8577981651376146,0.07459335169140091
r/Conspiracy,thread initiation,Started,chronological test,10 quantile bins,3,227,0.7923872285717387,0.8065800121632563,0.8000285816587774,0.8370044052863436,0.03697582362756613
r/Conspiracy,thread initiation,Started,chronological test,10 quantile bins,4,228,0.8067273718074898,0.8206468410789668,0.8136113363230747,0.8289473684210527,0.015336032097977959
r/Conspiracy,thread initiation,Started,chronological test,10 quantile bins,5,228,0.8207695366153402,0.8395089526200248,0.8294633994915508,0.8771929824561403,0.04772958296458951
r/Conspiracy,thread initiation,Started,chronological test,10 quantile bins,6,227,0.8395209725134999,0.8588459523268854,0.8486813636673383,0.8546255506607929,0.00594418699345467
r/Conspiracy,thread initiation,Started,chronological test,10 quantile bins,7,231,0.8589602111157685,0.8877875527830351,0.8714146088690712,0.8874458874458875,0.0160312785768163
r/Conspiracy,thread initiation,Started,chronological test,10 quantile bins,8,225,0.8880506414439138,0.9268125156106045,0.9093418140463586,0.9377777777777778,0.02843596373141921
r/Conspiracy,thread initiation,Started,chronological test,10 quantile bins,9,230,0.9271494748731588,0.9606765067680036,0.9449758974185934,0.9652173913043478,0.020241493885754358
r/Conspiracy,thread initiation,Started,chronological test,10 quantile bins,10,226,0.9610699239805343,1.0,0.978164626555605,0.9823008849557522,0.004136258400147197
r/Conspiracy,four-class thread size,Stalled (1),chronological test,"10 quantile bins, one-vs-rest",1,228,0.046068009689203354,0.06958988735107006,0.0593858981451012,0.02631578947368421,0.03307010867141699
r/Conspiracy,four-class thread size,Stalled (1),chronological test,"10 quantile bins, one-vs-rest",2,228,0.0696368854797585,0.09560355194008444,0.08232718855432494,0.043859649122807015,0.03846753943151793
r/Conspiracy,four-class thread size,Stalled (1),chronological test,"10 quantile bins, one-vs-rest",3,228,0.09577126499895171,0.11641133022756225,0.1067153357054903,0.06578947368421052,0.04092586202127978
r/Conspiracy,four-class thread size,Stalled (1),chronological test,"10 quantile bins, one-vs-rest",4,228,0.1164403975025025,0.13031725907616726,0.12361387998112348,0.14473684210526316,0.02112296212413968
r/Conspiracy,four-class thread size,Stalled (1),chronological test,"10 quantile bins, one-vs-rest",5,228,0.13038061300012727,0.14928672053407288,0.13844476337569592,0.13157894736842105,0.006865816007274872
r/Conspiracy,four-class thread size,Stalled (1),chronological test,"10 quantile bins, one-vs-rest",6,227,0.1493557062005205,0.17271731168692703,0.1593152721333908,0.14096916299559473,0.01834610913779608
r/Conspiracy,four-class thread size,Stalled (1),chronological test,"10 quantile bins, one-vs-rest",7,228,0.17272336099546734,0.19041620248171282,0.1838001983000108,0.17982456140350878,0.003975636896502016
r/Conspiracy,four-class thread size,Stalled (1),chronological test,"10 quantile bins, one-vs-rest",8,229,0.1905221227070964,0.20415420620829122,0.1974575805989658,0.13100436681222707,0.06645321378673871
r/Conspiracy,four-class thread size,Stalled (1),chronological test,"10 quantile bins, one-vs-rest",9,227,0.2044054283342906,0.2222333443878762,0.21121890581615915,0.14977973568281938,0.06143917013333977
r/Conspiracy,four-class thread size,Stalled (1),chronological test,"10 quantile bins, one-vs-rest",10,228,0.22227724212122707,0.7697240616842713,0.3492366081701431,0.37280701754385964,0.023570409373716517
r/Conspiracy,four-class thread size,Small (2-6),chronological test,"10 quantile bins, one-vs-rest",1,270,0.07104785248438918,0.1617118870360351,0.14347348139025892,0.17037037037037037,0.026896888980111444
r/Conspiracy,four-class thread size,Small (2-6),chronological test,"10 quantile bins, one-vs-rest",2,189,0.1617390384324554,0.1716580079615096,0.16634213992309096,0.20634920634920634,0.04000706642611537
r/Conspiracy,four-class thread size,Small (2-6),chronological test,"10 quantile bins, one-vs-rest",3,226,0.17167321308876327,0.1890714931513422,0.18124560263413475,0.1902654867256637,0.009019884091528957
r/Conspiracy,four-class thread size,Small (2-6),chronological test,"10 quantile bins, one-vs-rest",4,230,0.1890950821602781,0.2284557400173941,0.20833210250693698,0.24347826086956523,0.035146158362628244
r/Conspiracy,four-class thread size,Small (2-6),chronological test,"10 quantile bins, one-vs-rest",5,226,0.2287605828917989,0.25610776082472275,0.24366811031606442,0.2610619469026549,0.017393836586590466
r/Conspiracy,four-class thread size,Small (2-6),chronological test,"10 quantile bins, one-vs-rest",6,226,0.256285486374315,0.2956805826285325,0.27103104764149444,0.2920353982300885,0.021004350588594067
r/Conspiracy,four-class thread size,Small (2-6),chronological test,"10 quantile bins, one-vs-rest",7,229,0.29584435366468453,0.36281042229485905,0.3277940685986127,0.31877729257641924,0.009016776022193473
r/Conspiracy,four-class thread size,Small (2-6),chronological test,"10 quantile bins, one-vs-rest",8,227,0.36302775185810937,0.43433984747180904,0.3978381118346914,0.4052863436123348,0.007448231777643366
r/Conspiracy,four-class thread size,Small (2-6),chronological test,"10 quantile bins, one-vs-rest",9,229,0.43452516576573225,0.49846543794419035,0.4663816094797936,0.5065502183406113,0.04016860886081769
r/Conspiracy,four-class thread size,Small (2-6),chronological test,"10 quantile bins, one-vs-rest",10,227,0.49929504186989127,0.7168894377456085,0.5624121724120744,0.5110132158590308,0.05139895655304361
r/Conspiracy,four-class thread size,Medium (7-19),chronological test,"10 quantile bins, one-vs-rest",1,228,0.10022893046526431,0.20956035047742955,0.18182435647297818,0.18421052631578946,0.0023861698428112865
r/Conspiracy,four-class thread size,Medium (7-19),chronological test,"10 quantile bins, one-vs-rest",2,228,0.2097179063972637,0.23665947636954282,0.22396207282567304,0.2236842105263158,0.00027786229935725104
r/Conspiracy,four-class thread size,Medium (7-19),chronological test,"10 quantile bins, one-vs-rest",3,228,0.23780462002840147,0.2624732982927709,0.25030146000627507,0.2675438596491228,0.01724239964284774
r/Conspiracy,four-class thread size,Medium (7-19),chronological test,"10 quantile bins, one-vs-rest",4,228,0.26257767033052243,0.27984526314639846,0.2709360101022546,0.27631578947368424,0.005379779371429638
r/Conspiracy,four-class thread size,Medium (7-19),chronological test,"10 quantile bins, one-vs-rest",5,241,0.27996442056449017,0.2919004674738132,0.2874776099061111,0.29045643153526973,0.0029788216291586345
r/Conspiracy,four-class thread size,Medium (7-19),chronological test,"10 quantile bins, one-vs-rest",6,221,0.29190671967981735,0.3016768220201761,0.29730621551019776,0.2895927601809955,0.007713455329202257
r/Conspiracy,four-class thread size,Medium (7-19),chronological test,"10 quantile bins, one-vs-rest",7,221,0.3016835728466135,0.3097391200230363,0.3051501794387369,0.2895927601809955,0.0155574192577414
r/Conspiracy,four-class thread size,Medium (7-19),chronological test,"10 quantile bins, one-vs-rest",8,230,0.30984663484230546,0.31946166769253476,0.3146348358094123,0.3391304347826087,0.024495598973196364
r/Conspiracy,four-class thread size,Medium (7-19),chronological test,"10 quantile bins, one-vs-rest",9,232,0.3196378990402721,0.3323983861585951,0.32567204679442086,0.2629310344827586,0.06274101231166224
r/Conspiracy,four-class thread size,Medium (7-19),chronological test,"10 quantile bins, one-vs-rest",10,222,0.33254809720106365,0.525844916510797,0.3755202309407916,0.34684684684684686,0.028673384093944765
r/Conspiracy,four-class thread size,Large (>=20),chronological test,"10 quantile bins, one-vs-rest",1,228,0.056425181975513806,0.12261137429842192,0.09650402660626861,0.08771929824561403,0.008784728360654581
r/Conspiracy,four-class thread size,Large (>=20),chronological test,"10 quantile bins, one-vs-rest",2,228,0.12273759641835658,0.15700270547281464,0.1420420168298955,0.15350877192982457,0.01146675509992906
r/Conspiracy,four-class thread size,Large (>=20),chronological test,"10 quantile bins, one-vs-rest",3,229,0.1571006391906338,0.19857284660278676,0.18037340288998455,0.19213973799126638,0.011766335101281833
r/Conspiracy,four-class thread size,Large (>=20),chronological test,"10 quantile bins, one-vs-rest",4,227,0.1987132707322641,0.21922422499266542,0.21123518001834113,0.15859030837004406,0.052644871648297065
r/Conspiracy,four-class thread size,Large (>=20),chronological test,"10 quantile bins, one-vs-rest",5,228,0.2194073719585338,0.24707586315115732,0.2317666579851204,0.3333333333333333,0.10156667534821293
r/Conspiracy,four-class thread size,Large (>=20),chronological test,"10 quantile bins, one-vs-rest",6,232,0.24713270895451078,0.2790378259989897,0.26169507696974875,0.2629310344827586,0.0012359575130098666
r/Conspiracy,four-class thread size,Large (>=20),chronological test,"10 quantile bins, one-vs-rest",7,225,0.27908000980250636,0.30282065898951066,0.2910194550997651,0.3244444444444444,0.0334249893446793
r/Conspiracy,four-class thread size,Large (>=20),chronological test,"10 quantile bins, one-vs-rest",8,229,0.3028459360503951,0.3361780154147369,0.319018902844866,0.3231441048034934,0.0041252019586274224
r/Conspiracy,four-class thread size,Large (>=20),chronological test,"10 quantile bins, one-vs-rest",9,225,0.3367400893581072,0.4031178077820675,0.3620438699525931,0.4088888888888889,0.046845018936295835
r/Conspiracy,four-class thread size,Large (>=20),chronological test,"10 quantile bins, one-vs-rest",10,228,0.4042922475329943,0.6957758805046798,0.5011368578587048,0.5043859649122807,0.0032491070535759503
r/CryptoCurrency,thread initiation,Started,chronological test,10 quantile bins,1,299,0.0,0.12118167837874079,0.07091061414461733,0.10702341137123746,0.03611279722662013
r/CryptoCurrency,thread initiation,Started,chronological test,10 quantile bins,2,295,0.12224933332883622,0.17516579414615246,0.15306265321226592,0.15932203389830507,0.006259380686039151
r/CryptoCurrency,thread initiation,Started,chronological test,10 quantile bins,3,298,0.17603089113139964,0.20884362746468543,0.19496234377820928,0.18791946308724833,0.0070428806909609565
r/CryptoCurrency,thread initiation,Started,chronological test,10 quantile bins,4,296,0.20911774661158092,0.2515930662402579,0.22911477375009043,0.28716216216216217,0.05804738841207174
r/CryptoCurrency,thread initiation,Started,chronological test,10 quantile bins,5,294,0.25161174540601705,0.2861607574815122,0.2667856674211574,0.2755102040816326,0.008724536660475235
r/CryptoCurrency,thread initiation,Started,chronological test,10 quantile bins,6,297,0.286179110262716,0.34446708990468644,0.316283211569081,0.2895622895622896,0.026720922006791437
r/CryptoCurrency,thread initiation,Started,chronological test,10 quantile bins,7,296,0.3446803095208911,0.5201182444022058,0.4194733533354784,0.46621621621621623,0.04674286288073781
r/CryptoCurrency,thread initiation,Started,chronological test,10 quantile bins,8,296,0.5205014154429709,0.8015709510905944,0.6916486496177946,0.75,0.0583513503822054
r/CryptoCurrency,thread initiation,Started,chronological test,10 quantile bins,9,302,0.8015774429858242,0.888307527712562,0.8543518533569563,0.8543046357615894,4.7217595366855214e-05
r/CryptoCurrency,thread initiation,Started,chronological test,10 quantile bins,10,291,0.8894316960140051,1.0,0.9198765480400461,0.9175257731958762,0.0023507748441699006
r/CryptoCurrency,four-class thread size,Stalled (1),chronological test,"10 quantile bins, one-vs-rest",1,297,0.08903482310623004,0.14119369693545603,0.11815772831504379,0.10437710437710437,0.013780623937939412
r/CryptoCurrency,four-class thread size,Stalled (1),chronological test,"10 quantile bins, one-vs-rest",2,296,0.14128114661228988,0.225614842650812,0.17255031306524282,0.11486486486486487,0.05768544820037795
r/CryptoCurrency,four-class thread size,Stalled (1),chronological test,"10 quantile bins, one-vs-rest",3,307,0.22591765892843174,0.5003479064745487,0.35094964471442697,0.31596091205211724,0.03498873266230973
r/CryptoCurrency,four-class thread size,Stalled (1),chronological test,"10 quantile bins, one-vs-rest",4,341,0.5119372738224579,0.6634931105335158,0.620641531325706,0.5659824046920822,0.05465912663362382
r/CryptoCurrency,four-class thread size,Stalled (1),chronological test,"10 quantile bins, one-vs-rest",5,443,0.6641049356674019,0.7197814681584628,0.7055213945696118,0.7313769751693002,0.0258555805996884
r/CryptoCurrency,four-class thread size,Stalled (1),chronological test,"10 quantile bins, one-vs-rest",6,1216,0.7215244784314183,0.759607930415467,0.7589425884372666,0.7911184210526315,0.03217583261536494
r/CryptoCurrency,four-class thread size,Stalled (1),chronological test,"10 quantile bins, one-vs-rest",7,64,0.7610839488204426,0.8092183291478822,0.7745535123263636,0.796875,0.022321487673636398
r/CryptoCurrency,four-class thread size,Small (2-10),chronological test,"10 quantile bins, one-vs-rest",1,1253,0.06756973889826683,0.08440767059150338,0.08398304631753672,0.07023144453312051,0.013751601784416215
r/CryptoCurrency,four-class thread size,Small (2-10),chronological test,"10 quantile bins, one-vs-rest",2,230,0.08457945048586336,0.12226957749402034,0.09920053166305402,0.1608695652173913,0.06166903355433727
r/CryptoCurrency,four-class thread size,Small (2-10),chronological test,"10 quantile bins, one-vs-rest",3,295,0.12319209820588513,0.15806321386365663,0.1386419080907246,0.2,0.06135809190927541
r/CryptoCurrency,four-class thread size,Small (2-10),chronological test,"10 quantile bins, one-vs-rest",4,515,0.15917895132708065,0.1769049230815618,0.1714990199958435,0.21165048543689322,0.04015146544104972
r/CryptoCurrency,four-class thread size,Small (2-10),chronological test,"10 quantile bins, one-vs-rest",5,79,0.1769516778997251,0.18578615130347872,0.18106173616027715,0.22784810126582278,0.046786365105545624
r/CryptoCurrency,four-class thread size,Small (2-10),chronological test,"10 quantile bins, one-vs-rest",6,295,0.18584226524790734,0.2870429117241045,0.22862274056436593,0.3288135593220339,0.10019081875766794
r/CryptoCurrency,four-class thread size,Small (2-10),chronological test,"10 quantile bins, one-vs-rest",7,297,0.28763732155945204,0.5215216526365433,0.35053039478215525,0.3434343434343434,0.007096051347811827
r/CryptoCurrency,four-class thread size,Medium (11-32),chronological test,"10 quantile bins, one-vs-rest",1,342,0.04394864066564848,0.060778415334453065,0.04870060046478131,0.02046783625730994,0.028232764207471367
r/CryptoCurrency,four-class thread size,Medium (11-32),chronological test,"10 quantile bins, one-vs-rest",2,1150,0.06113310726399385,0.06113310726399385,0.06113310726399383,0.04434782608695652,0.016785281177037314
r/CryptoCurrency,four-class thread size,Medium (11-32),chronological test,"10 quantile bins, one-vs-rest",3,294,0.061497904641159104,0.09286573215816588,0.08350684006464092,0.09183673469387756,0.00832989462923664
r/CryptoCurrency,four-class thread size,Medium (11-32),chronological test,"10 quantile bins, one-vs-rest",4,298,0.09321641224240534,0.12142052206648546,0.10325883384729334,0.12416107382550336,0.020902239978210016
r/CryptoCurrency,four-class thread size,Medium (11-32),chronological test,"10 quantile bins, one-vs-rest",5,287,0.12225090674304391,0.26585755465776517,0.1905810948117276,0.25435540069686413,0.06377430588513652
r/CryptoCurrency,four-class thread size,Medium (11-32),chronological test,"10 quantile bins, one-vs-rest",6,297,0.26655063064916995,0.4029375381246189,0.33368939383155516,0.2996632996632997,0.03402609416825547
r/CryptoCurrency,four-class thread size,Medium (11-32),chronological test,"10 quantile bins, one-vs-rest",7,296,0.4036555491953722,0.6074033706956465,0.47138943029691055,0.34459459459459457,0.12679483570231598
r/CryptoCurrency,four-class thread size,Large (>=33),chronological test,"10 quantile bins, one-vs-rest",1,298,0.057074141927533316,0.06963982865024018,0.058193463099276366,0.003355704697986577,0.054837758401289786
r/CryptoCurrency,four-class thread size,Large (>=33),chronological test,"10 quantile bins, one-vs-rest",2,295,0.06997110688473569,0.08059204858095219,0.07791943245442609,0.030508474576271188,0.0474109578781549
r/CryptoCurrency,four-class thread size,Large (>=33),chronological test,"10 quantile bins, one-vs-rest",3,1278,0.08104575041717235,0.09485129172903564,0.09411928615491066,0.08450704225352113,0.009612243901389539
r/CryptoCurrency,four-class thread size,Large (>=33),chronological test,"10 quantile bins, one-vs-rest",4,204,0.09488517641009622,0.11740052679782528,0.1049787623367013,0.19607843137254902,0.09109966903584772
r/CryptoCurrency,four-class thread size,Large (>=33),chronological test,"10 quantile bins, one-vs-rest",5,296,0.11761231116806439,0.16251564084634454,0.13691921747623917,0.13175675675675674,0.005162460719482426
r/CryptoCurrency,four-class thread size,Large (>=33),chronological test,"10 quantile bins, one-vs-rest",6,312,0.16335170109083502,0.254638516085003,0.2018220518138345,0.24358974358974358,0.04176769177590908
r/CryptoCurrency,four-class thread size,Large (>=33),chronological test,"10 quantile bins, one-vs-rest",7,281,0.2547578454123666,0.682439047647287,0.38860438558818244,0.3665480427046263,0.022056342883556124
r/politics,thread initiation,Started,chronological test,10 quantile bins,1,1376,0.0,0.03658732794835693,0.021593799101853318,0.025436046511627907,0.0038422474097745893
r/politics,thread initiation,Started,chronological test,10 quantile bins,2,1238,0.03663311480136484,0.17035135215046043,0.08980605226777426,0.13489499192245558,0.04508893965468132
r/politics,thread initiation,Started,chronological test,10 quantile bins,3,1313,0.1711045036311306,0.6764815593687927,0.47557272921300703,0.6191926884996192,0.14361995928661214
r/politics,thread initiation,Started,chronological test,10 quantile bins,4,1302,0.676603009727934,0.7561009385797846,0.7216136181058763,0.8003072196620584,0.0786936015561821
r/politics,thread initiation,Started,chronological test,10 quantile bins,5,1306,0.7561344926624137,0.7975119504508201,0.7780601924798362,0.8399693721286371,0.06190917964880094
r/politics,thread initiation,Started,chronological test,10 quantile bins,6,1309,0.7976522960781758,0.8396081992835693,0.8189245982480022,0.8861726508785333,0.06724805263053102
r/politics,thread initiation,Started,chronological test,10 quantile bins,7,1304,0.8396118432834866,0.8762766898982444,0.8582998633353477,0.9133435582822086,0.0550436949468609
r/politics,thread initiation,Started,chronological test,10 quantile bins,8,1307,0.8764246732986163,0.9068625427978819,0.8920643879062328,0.9150726855394032,0.02300829763317047
r/politics,thread initiation,Started,chronological test,10 quantile bins,9,1311,0.906911022352792,0.9255290796263477,0.9169393653231985,0.9443173150266971,0.027377949703498605
r/politics,thread initiation,Started,chronological test,10 quantile bins,10,1303,0.9256129507402532,0.9954545454545455,0.938930841150562,0.9623944742900997,0.0234636331395377
r/politics,four-class thread size,Stalled (1),chronological test,"10 quantile bins, one-vs-rest",1,1310,0.10619709409390224,0.13805647135712418,0.12855093787160013,0.035114503816793895,0.09343643405480623
r/politics,four-class thread size,Stalled (1),chronological test,"10 quantile bins, one-vs-rest",2,1305,0.13809103127677474,0.1476537194780883,0.1431295263350991,0.06130268199233716,0.08182684434276194
r/politics,four-class thread size,Stalled (1),chronological test,"10 quantile bins, one-vs-rest",3,1306,0.14765477676162825,0.1596625560247939,0.15317713529071603,0.07120980091883614,0.08196733437187989
r/politics,four-class thread size,Stalled (1),chronological test,"10 quantile bins, one-vs-rest",4,1362,0.1597035045893884,0.1797752838121896,0.16930924888770987,0.0947136563876652,0.07459559250004467
r/politics,four-class thread size,Stalled (1),chronological test,"10 quantile bins, one-vs-rest",5,1273,0.17980801954624584,0.20250350213130058,0.1912542407762023,0.13511390416339356,0.05614033661280873
r/politics,four-class thread size,Stalled (1),chronological test,"10 quantile bins, one-vs-rest",6,1305,0.20253819872514706,0.22669634559823804,0.2133022289793869,0.1839080459770115,0.029394183002375396
r/politics,four-class thread size,Stalled (1),chronological test,"10 quantile bins, one-vs-rest",7,1293,0.22679160410206886,0.2989180646454386,0.257277170598076,0.1902552204176334,0.06702195018044257
r/politics,four-class thread size,Stalled (1),chronological test,"10 quantile bins, one-vs-rest",8,1301,0.298927047472137,0.6810634384522315,0.4410507112506244,0.3866256725595696,0.054425038691054806
r/politics,four-class thread size,Stalled (1),chronological test,"10 quantile bins, one-vs-rest",9,1322,0.6811524579238906,0.8322876801309628,0.7738246363151579,0.8373676248108926,0.0635429884957347
r/politics,four-class thread size,Stalled (1),chronological test,"10 quantile bins, one-vs-rest",10,1292,0.832312089322237,0.871791497773447,0.8569349885642076,0.9752321981424149,0.11829720957820733
r/politics,four-class thread size,Small (2-9),chronological test,"10 quantile bins, one-vs-rest",1,1363,0.04679134841507156,0.06724443123876686,0.05842353102400068,0.019809244314013204,0.03861428670998747
r/politics,four-class thread size,Small (2-9),chronological test,"10 quantile bins, one-vs-rest",2,1251,0.06724914745344109,0.11276895435290371,0.09131297778450483,0.09672262190247802,0.005409644117973192
r/politics,four-class thread size,Small (2-9),chronological test,"10 quantile bins, one-vs-rest",3,1307,0.11277144131902021,0.15792069309709753,0.137122990413975,0.14919663351185922,0.012073643097884224
r/politics,four-class thread size,Small (2-9),chronological test,"10 quantile bins, one-vs-rest",4,1358,0.1579514790743768,0.19841293885129638,0.17984843846940876,0.18335787923416788,0.0035094407647591197
r/politics,four-class thread size,Small (2-9),chronological test,"10 quantile bins, one-vs-rest",5,1256,0.19842501981496574,0.235180257939468,0.21671385568679008,0.23328025477707007,0.016566399090279987
r/politics,four-class thread size,Small (2-9),chronological test,"10 quantile bins, one-vs-rest",6,1306,0.23537250543165839,0.26930276657601415,0.2524826922130074,0.2557427258805513,0.0032600336675439046
r/politics,four-class thread size,Small (2-9),chronological test,"10 quantile bins, one-vs-rest",7,1320,0.2693348674575701,0.30219442568308086,0.28438520632201875,0.2878787878787879,0.003493581556769154
r/politics,four-class thread size,Small (2-9),chronological test,"10 quantile bins, one-vs-rest",8,1294,0.3021946152467732,0.34014062089662894,0.3202852498054528,0.29134466769706335,0.028940582108389457
r/politics,four-class thread size,Small (2-9),chronological test,"10 quantile bins, one-vs-rest",9,1475,0.3401566641508466,0.40043915294845667,0.377364028808983,0.3376271186440678,0.03973691016491521
r/politics,four-class thread size,Small (2-9),chronological test,"10 quantile bins, one-vs-rest",10,1139,0.40051231538036997,0.7017721058161349,0.4416029057589805,0.3924495171202809,0.04915338863869956
r/politics,four-class thread size,Medium (10-30),chronological test,"10 quantile bins, one-vs-rest",1,1410,0.04655093735408776,0.05064494121813261,0.047995420253591,0.002127659574468085,0.04586776067912291
r/politics,four-class thread size,Medium (10-30),chronological test,"10 quantile bins, one-vs-rest",2,1204,0.05064918756130189,0.10627312665212049,0.07232178794435243,0.050664451827242524,0.021657336117109904
r/politics,four-class thread size,Medium (10-30),chronological test,"10 quantile bins, one-vs-rest",3,1307,0.10628546869374664,0.17006384849349798,0.14611120993764928,0.20275439938791126,0.05664318945026198
r/politics,four-class thread size,Medium (10-30),chronological test,"10 quantile bins, one-vs-rest",4,1307,0.17013478534148413,0.21079198664539747,0.19040508794037658,0.25784238714613616,0.06743729920575958
r/politics,four-class thread size,Medium (10-30),chronological test,"10 quantile bins, one-vs-rest",5,1309,0.21088141740750538,0.23460900176500235,0.2251765835737796,0.2880061115355233,0.06282952796174371
r/politics,four-class thread size,Medium (10-30),chronological test,"10 quantile bins, one-vs-rest",6,1319,0.23473398793756878,0.25394367705690113,0.2439243577997001,0.28658074298711145,0.042656385187411355
r/politics,four-class thread size,Medium (10-30),chronological test,"10 quantile bins, one-vs-rest",7,1315,0.2539578750301398,0.27479430373810726,0.26538566071712244,0.308745247148289,0.04335958643116655
r/politics,four-class thread size,Medium (10-30),chronological test,"10 quantile bins, one-vs-rest",8,1284,0.27479695842070284,0.2923101158463369,0.28382900383258547,0.3037383177570093,0.019909313924423855
r/politics,four-class thread size,Medium (10-30),chronological test,"10 quantile bins, one-vs-rest",9,1335,0.29231763655692017,0.3240132352746357,0.3061026020908969,0.3400749063670412,0.03397230427614428
r/politics,four-class thread size,Medium (10-30),chronological test,"10 quantile bins, one-vs-rest",10,1279,0.32407903005794186,0.5916941089488875,0.3665219270865073,0.3518373729476153,0.014684554138892025
r/politics,four-class thread size,Large (>=31),chronological test,"10 quantile bins, one-vs-rest",1,1317,0.03389806476885533,0.03714480512746334,0.03469159689471456,0.0037965072133637054,0.03089508968135085
r/politics,four-class thread size,Large (>=31),chronological test,"10 quantile bins, one-vs-rest",2,1297,0.03717243699154218,0.0761071149460947,0.04995953796832377,0.03700848111025443,0.012951056858069333
r/politics,four-class thread size,Large (>=31),chronological test,"10 quantile bins, one-vs-rest",3,1310,0.07617103708098803,0.11305649230109002,0.10355411902009923,0.14045801526717558,0.03690389624707635
r/politics,four-class thread size,Large (>=31),chronological test,"10 quantile bins, one-vs-rest",4,1317,0.11319046570030551,0.14973174911340026,0.131471854798985,0.19438116932422173,0.06290931452523674
r/politics,four-class thread size,Large (>=31),chronological test,"10 quantile bins, one-vs-rest",5,1298,0.14978980160513455,0.18650742666186743,0.17050777959210042,0.22496147919876733,0.054453699606666905
r/politics,four-class thread size,Large (>=31),chronological test,"10 quantile bins, one-vs-rest",6,1305,0.18677319270692666,0.22849564857978213,0.20587992934580984,0.26053639846743293,0.054656469121623086
r/politics,four-class thread size,Large (>=31),chronological test,"10 quantile bins, one-vs-rest",7,1304,0.2285712354012576,0.2770162029135991,0.24951327677347598,0.2860429447852761,0.036529668011800104
r/politics,four-class thread size,Large (>=31),chronological test,"10 quantile bins, one-vs-rest",8,1313,0.277434720569644,0.33965518860789834,0.30578315130926326,0.32901751713632904,0.023234365827065784
r/politics,four-class thread size,Large (>=31),chronological test,"10 quantile bins, one-vs-rest",9,1301,0.3398286558232959,0.4533747990838492,0.392284753617035,0.39738662567255956,0.005101872055524537
r/politics,four-class thread size,Large (>=31),chronological test,"10 quantile bins, one-vs-rest",10,1307,0.45368992952008524,0.7373704340033425,0.5413999569627445,0.5386381025248661,0.0027618544378783527
