subreddit,task,role,path,bytes,modified_utc,sha256
all,shared,published compact selection,Publication_Outputs/1_Thread_Start/s1_mods.txt,33,2025-12-04T13:23:04.307098+00:00,0bc77b7e93e0bfa73d32156ee885f872305059c15103c3839a2de2614e764d27
all,shared,published compact selection,Publication_Outputs/2_Thread_Size/s2_mods.txt,33,2025-12-08T11:48:57.566787+00:00,82ba242e663fa01634c6247c534cefc84240be6798a1ca7acc7b5dd2a2591c0f
all,shared,executed Stage 1 evaluation code,Scripts/1_Thread_start/4_run_tuned_model.py,36769,2025-12-09T13:34:33.456352+00:00,aada2860d7fd6f798fe6fde4203857831a23e6588a120323a140a120565038ea
all,shared,executed Stage 2 evaluation code,Scripts/2_Thread_size/4_run_tuned_model.py,32246,2025-12-07T17:58:45.159562+00:00,252c434551e2bd6c092b44625690772ce261bc0716b8209dddc3d72ee9c1f518
all,shared,chronological split code,Scripts/0_Preprocessing/2_tf_idf_analysis.py,13486,2025-12-02T20:22:41.124636+00:00,a1e437a59d160293029a9cc0a01f65e17fcc38e23e26855433c86da272861eae
all,shared,model-data construction code,Scripts/0_Preprocessing/3_model_data.py,12134,2025-12-02T20:23:05.126862+00:00,c463fbd8b503d6e912591fef508091e7502fbfa8082bd8766417305bbc88f434
r/Conspiracy,shared population,training outcomes,Outputs/0_preprocessing/conspiracy/conspiracy_train_Y.parquet,246989,2025-12-02T20:24:23.294245+00:00,acad63a61e7dfb16069111b074e5fa00e4f10cde6cf9aaddac7acbb1fdb8a62e
r/Conspiracy,shared population,chronological holdout outcomes,Outputs/0_preprocessing/conspiracy/conspiracy_test_Y.parquet,67853,2025-12-02T20:24:23.369832+00:00,1fc9d302c1cf5b1353dd27b762c9ee45c3a3673a464b174e3965c621a2055d71
r/Conspiracy,shared population,training thread identifiers,Outputs/0_preprocessing/conspiracy/tf-idf/conspiracy_svd_enriched_train_data.parquet,28461691,2025-12-02T20:24:18.673141+00:00,4d53bcf901477bd91a88caf9794aa5c2d0914fd20db6deb6067889d7aa2f5cdd
r/Conspiracy,shared population,held-out thread identifiers,Outputs/0_preprocessing/conspiracy/tf-idf/conspiracy_svd_enriched_test_data.parquet,7596046,2025-12-02T20:24:18.962133+00:00,7c09c0101fd6df791e7f3adf2088120a24fa851001fe4f3e9c1f2e8833815942
r/Conspiracy,thread initiation,evaluation workbook,Outputs/1_thread_start/conspiracy/4_model/evaluation.xlsx,58592,2025-12-08T01:00:18.755411+00:00,d8bdbcd78ac59b655938521ea1c5b60ca4a0743fa4cc2a95c2ab2685223e938e
r/Conspiracy,thread initiation,per-model evaluation workbook,Outputs/1_thread_start/conspiracy/4_model/model_4/test_data_results.xlsx,11003,2025-12-07T23:55:19.600552+00:00,888abed3e217b3e4e1e25d5f5041d8481af7f235c349266a56532931fe110a0b
r/Conspiracy,thread initiation,held-out row probabilities,Outputs/1_thread_start/conspiracy/4_model/model_4/test_started_threads.parquet,29612,2025-12-07T23:53:56.099159+00:00,f4f7fb8bb896751261ad1dc443b8c30d1119cecc683d186ff373dad2e6796c6b
r/Conspiracy,thread initiation,OOF training-row probabilities,Outputs/1_thread_start/conspiracy/4_model/model_4/train_started_threads.parquet,66414,2025-12-07T23:53:46.515750+00:00,7d39d618090bc5682a709d8e6499f8540c1f9225068e31adbacd381093f18d9d
r/Conspiracy,thread initiation,executed holdout curve coordinates,Outputs/1_thread_start/conspiracy/4_model/model_4/model_data/test_calibration_curve_inputs.jl,466,2025-12-07T23:52:14.270037+00:00,a01f91e88b19fc7211a20ea88880bdcd4479ad49516627b5b02dd1619cf7b4c6
r/Conspiracy,thread initiation,executed OOF curve coordinates,Outputs/1_thread_start/conspiracy/4_model/model_4/model_data/oof_calibration_curve_inputs.jl,466,2025-12-07T23:53:28.384804+00:00,6a77b3e0dfa22ab758f4a137b5ec09e849c7398c343887f14b63c86ff046d8f9
r/Conspiracy,thread initiation,surviving reliability plot,Outputs/1_thread_start/conspiracy/4_model/model_4/plots/calibration_curve.png,119295,2025-12-07T23:53:28.571146+00:00,2f44296303d89408179350c6d6e587e8c461bc1b33eb8c1e542e68a7489971fe
r/Conspiracy,four-class thread size,evaluation workbook,Outputs/2_thread_size/conspiracy/4_model/evaluation.xlsx,54277,2025-12-08T02:56:30.996202+00:00,5e95f54331fc0e662dcb663bb5f59d001c3c33a64e23e7b3d5bc7d80cb3cdc87
r/Conspiracy,four-class thread size,per-model evaluation workbook,Outputs/2_thread_size/conspiracy/4_model/model_3/test_data_results.xlsx,11665,2025-12-08T02:14:32.344048+00:00,948da32f6b2a96c4115b89698df7b9d6b23b97cbb5e328d72ce0690b663aec09
r/Conspiracy,four-class thread size,held-out labels and probabilities,Outputs/2_thread_size/conspiracy/4_model/model_3/test_preds.csv,197689,2025-12-08T02:14:19.160865+00:00,13a9ae1eeb10a277078bd45237cd1073eb3ba30ca0767aa766ecd943ebb6016b
r/Conspiracy,four-class thread size,OOF labels and probabilities,Outputs/2_thread_size/conspiracy/4_model/model_3/oof_preds.csv,99194,2025-12-08T02:14:25.657066+00:00,e8cf459a5c9a8703f549a44435a69c0054a0593b14384be2a941e3d709fde4bf
r/Conspiracy,four-class thread size,held-out probability matrix,Outputs/2_thread_size/conspiracy/4_model/model_3/model_data/y_proba.parquet,67101,2025-12-08T02:12:20.184183+00:00,04bfbd287417d1e260278e26835d957eb75b8926cf718dfc1d3ad04d298c9097
r/Conspiracy,four-class thread size,held-out encoded labels,Outputs/2_thread_size/conspiracy/4_model/model_3/model_data/y_test.parquet,2246,2025-12-08T02:12:20.176430+00:00,9f6fa3f0530c3eede7089a805adad2a2fb6eb16204410eed195449008531df1b
r/Conspiracy,four-class thread size,held-out predicted labels,Outputs/2_thread_size/conspiracy/4_model/model_3/model_data/y_pred.parquet,2245,2025-12-08T02:12:20.177395+00:00,d4cc2d55c7fe6be0342d742661e3051fa6cb026fd1175c145e8569137bd91e42
r/Conspiracy,four-class thread size,OOF probability matrix,Outputs/2_thread_size/conspiracy/4_model/model_3/model_data/oof_proba.parquet,282631,2025-12-08T02:12:20.189709+00:00,ed70aaaf1b070ae3828e8bbb38982d797537dc55908e5fbbb3c23839350b6b39
r/Conspiracy,four-class thread size,training encoded labels,Outputs/2_thread_size/conspiracy/4_model/model_3/model_data/y_train.parquet,3972,2025-12-08T02:12:20.174518+00:00,f764ab7b8ffb823a4de3dc81005af34b8316df071bb95ad0a3a4ca2bccb4647a
r/Conspiracy,four-class thread size,selected held-out predictors,Outputs/2_thread_size/conspiracy/4_model/model_3/model_data/X_test.parquet,14204,2025-12-08T02:12:20.172935+00:00,53820726721c23810e897feb2962a1851f88300ab1c877c671d33864d9b28227
r/CryptoCurrency,shared population,training outcomes,Outputs/0_preprocessing/crypto/crypto_train_Y.parquet,260816,2025-12-02T20:13:40.263390+00:00,38dc3fc74b9a84245a68938116506617c23746736f8391e8c7fc9c6d3289311f
r/CryptoCurrency,shared population,chronological holdout outcomes,Outputs/0_preprocessing/crypto/crypto_test_Y.parquet,68293,2025-12-02T20:13:40.354857+00:00,27291ce72204717b7df8cee66dede6986738936b8e2832bb36939a895341b5d3
r/CryptoCurrency,shared population,training thread identifiers,Outputs/0_preprocessing/crypto/tf-idf/crypto_svd_enriched_train_data.parquet,31064710,2025-12-02T20:13:22.966041+00:00,435061ded64cf05de5706b4c597e2a7f78fd080df9b8f6322a4ab876d5ecab6c
r/CryptoCurrency,shared population,held-out thread identifiers,Outputs/0_preprocessing/crypto/tf-idf/crypto_svd_enriched_test_data.parquet,7821408,2025-12-02T20:13:31.939292+00:00,179ee6077476fa4878b46774be40378ceba8867d94723f00b658b49302061233
r/CryptoCurrency,thread initiation,evaluation workbook,Outputs/1_thread_start/crypto/4_model/evaluation.xlsx,59617,2025-12-08T03:06:51.460996+00:00,1d59bacad50e26e83861d70cceef2e9536f641c6afe9db86a261a727c611a528
r/CryptoCurrency,thread initiation,per-model evaluation workbook,Outputs/1_thread_start/crypto/4_model/model_4/test_data_results.xlsx,11046,2025-12-08T02:26:50.418218+00:00,43b845a0447c2327ac67f50fc1b9be7f832f2b763272c759ebaf24702df31ff3
r/CryptoCurrency,thread initiation,held-out row probabilities,Outputs/1_thread_start/crypto/4_model/model_4/test_started_threads.parquet,36333,2025-12-08T02:26:29.854491+00:00,1cedf6083054b27f7f56db37112613ae4aeb94aa5335f7091185253c0af71aaa
r/CryptoCurrency,thread initiation,OOF training-row probabilities,Outputs/1_thread_start/crypto/4_model/model_4/train_started_threads.parquet,88455,2025-12-08T02:26:19.399336+00:00,3b10a6e626314b159aa7ab40b53cdd66c5f8a7639359c5021d75462db823ad3d
r/CryptoCurrency,thread initiation,executed holdout curve coordinates,Outputs/1_thread_start/crypto/4_model/model_4/model_data/test_calibration_curve_inputs.jl,466,2025-12-08T02:25:39.123070+00:00,28068ba442ea11e13b8a3f0096660c077188281348660e2e43441e9969eaf4f2
r/CryptoCurrency,thread initiation,executed OOF curve coordinates,Outputs/1_thread_start/crypto/4_model/model_4/model_data/oof_calibration_curve_inputs.jl,466,2025-12-08T02:26:07.295633+00:00,88c0b24584f4125529e966f2c9b6c450b4b32de59abb9afc529f8cb7f8b62f60
r/CryptoCurrency,thread initiation,surviving reliability plot,Outputs/1_thread_start/crypto/4_model/model_4/plots/calibration_curve.png,132760,2025-12-08T02:26:07.507261+00:00,6315596ae3fdb6950992e87cfb0272efa8d739e8cc95e00433f5bde86a8817d5
r/CryptoCurrency,four-class thread size,evaluation workbook,Outputs/2_thread_size/crypto/4_model/evaluation.xlsx,54260,2025-12-08T02:53:55.636144+00:00,d3302682587660bc7741d62e54cd2738a77c0c4aa23ae93b40123527eba3f6d1
r/CryptoCurrency,four-class thread size,per-model evaluation workbook,Outputs/2_thread_size/crypto/4_model/model_2/test_data_results.xlsx,11575,2025-12-08T02:03:59.523444+00:00,e0eb3aae582e68ebca1a9158c6dd8d41b40e36afbf1a7a3121ca7ded117a8ff9
r/CryptoCurrency,four-class thread size,held-out labels and probabilities,Outputs/2_thread_size/crypto/4_model/model_2/test_preds.csv,257399,2025-12-08T02:03:54.996352+00:00,d451046cc46ae92840704e767e3183dbf1ec3040fcd5fc9179ecc0c4e2649314
r/CryptoCurrency,four-class thread size,OOF labels and probabilities,Outputs/2_thread_size/crypto/4_model/model_2/oof_preds.csv,131166,2025-12-08T02:03:59.476718+00:00,bcc465f626470e2bde0a1f277523294c04121a995f0ae8a347f3e89e35b87d06
r/CryptoCurrency,four-class thread size,held-out probability matrix,Outputs/2_thread_size/crypto/4_model/model_2/model_data/y_proba.parquet,35335,2025-12-08T02:01:57.148813+00:00,fbde9780e5b5be6680c1090a1336ed4aa78edef8a5a26c018612e335d20148e9
r/CryptoCurrency,four-class thread size,held-out encoded labels,Outputs/2_thread_size/crypto/4_model/model_2/model_data/y_test.parquet,2413,2025-12-08T02:01:34.858973+00:00,6c777646e36a6cbf474f0b718c3195552f175ba0c687843e98210ee478042f2c
r/CryptoCurrency,four-class thread size,held-out predicted labels,Outputs/2_thread_size/crypto/4_model/model_2/model_data/y_pred.parquet,2415,2025-12-08T02:01:42.408219+00:00,45b48773b74fb7d7a977ebaad33d28aaded71d9c036d58717e54b2db5cffd734
r/CryptoCurrency,four-class thread size,OOF probability matrix,Outputs/2_thread_size/crypto/4_model/model_2/model_data/oof_proba.parquet,177296,2025-12-08T02:02:05.566411+00:00,5de44090d1f51161a55a6dc3e4dc87db16c710001ba6e33f21bdfc7f51d235ba
r/CryptoCurrency,four-class thread size,training encoded labels,Outputs/2_thread_size/crypto/4_model/model_2/model_data/y_train.parquet,4673,2025-12-08T02:01:27.784754+00:00,5855ba9d91b59dcdba9561c4c5907cf0063c6dbaf30b8cea4f0053ce1ab729dd
r/CryptoCurrency,four-class thread size,selected held-out predictors,Outputs/2_thread_size/crypto/4_model/model_2/model_data/X_test.parquet,6888,2025-12-08T02:01:20.469205+00:00,4b9d7d9cf1e52250177e42f54d1d10e126fc0a14a326be36b9b4138fef28c9d4
r/politics,shared population,training outcomes,Outputs/0_preprocessing/politics/politics_train_Y.parquet,1299283,2025-12-03T14:01:20.641208+00:00,1016feb57b822593c93244efb0203cc2197c9bffa896493ffad89dbc19bd0d4e
r/politics,shared population,chronological holdout outcomes,Outputs/0_preprocessing/politics/politics_test_Y.parquet,355953,2025-12-03T14:01:21.036453+00:00,4e164854f234b5fda8f9c50decb3e2cd94afd2cf1ddf4be40f42a9a15964f5c8
r/politics,shared population,training thread identifiers,Outputs/0_preprocessing/politics/tf-idf/politics_svd_enriched_train_data.parquet,168997832,2025-12-03T14:00:52.697093+00:00,e112a97f58be946d55483025b03d79b287c7fd0b579a14e1258f11b8e121da03
r/politics,shared population,held-out thread identifiers,Outputs/0_preprocessing/politics/tf-idf/politics_svd_enriched_test_data.parquet,41409798,2025-12-03T14:00:54.579602+00:00,8088ee012fd253f32bc07fea6e5fd01bde05398cdefa577bda04ef5e6b8c77a6
r/politics,thread initiation,evaluation workbook,Outputs/1_thread_start/politics/4_model/evaluation.xlsx,59611,2025-12-08T07:55:16.683617+00:00,01ac622154f5043ae0d58c65dee882979681ce28fa6094d5582aa96a88c2bead
r/politics,thread initiation,per-model evaluation workbook,Outputs/1_thread_start/politics/4_model/model_4/test_data_results.xlsx,11018,2025-12-08T06:53:53.131928+00:00,f39d2ba6a03b124d8942b20776d0323022ce34c9b8592e2a68e03e7c559fb1e2
r/politics,thread initiation,held-out row probabilities,Outputs/1_thread_start/politics/4_model/model_4/test_started_threads.parquet,148387,2025-12-08T06:53:50.475458+00:00,d789887d1eb177959698d373776297930459eec51812657a87d121cf3684b18f
r/politics,thread initiation,OOF training-row probabilities,Outputs/1_thread_start/politics/4_model/model_4/train_started_threads.parquet,387026,2025-12-08T06:53:50.470424+00:00,995c26f6a15d656daa8e4184feefe36af6f191179f838fa02569a366adc668ad
r/politics,thread initiation,executed holdout curve coordinates,Outputs/1_thread_start/politics/4_model/model_4/model_data/test_calibration_curve_inputs.jl,466,2025-12-08T06:52:49.357375+00:00,2dd5107f8180d71b8f00b4ca286d63750abdb2eb4fc972a67b183d10b2cebce0
r/politics,thread initiation,executed OOF curve coordinates,Outputs/1_thread_start/politics/4_model/model_4/model_data/oof_calibration_curve_inputs.jl,466,2025-12-08T06:53:50.084421+00:00,d4fc451d0d3d4757452e6e4462f98a105427360a1c4a5dfc061fd072266d7b69
r/politics,thread initiation,surviving reliability plot,Outputs/1_thread_start/politics/4_model/model_4/plots/calibration_curve.png,131875,2025-12-08T06:53:50.247696+00:00,0ab66ce5e12aff427a2b5f91e5a9845e45f1e07fa425bcf60acec7aaf95fac45
r/politics,four-class thread size,evaluation workbook,Outputs/2_thread_size/politics/4_model/evaluation.xlsx,55060,2025-12-08T09:08:32.678879+00:00,217e5f8f94f3d9bc1ab52a823fbd7cdfd524e526cc278fb9dc290c8e4c4c89b2
r/politics,four-class thread size,per-model evaluation workbook,Outputs/2_thread_size/politics/4_model/model_3/test_data_results.xlsx,11644,2025-12-08T08:07:02.279773+00:00,e11f23a7df0d31794186524511f2bbbf5926404cd368d1436b79df20de9890a1
r/politics,four-class thread size,held-out labels and probabilities,Outputs/2_thread_size/politics/4_model/model_3/test_preds.csv,1144106,2025-12-08T08:07:02.199433+00:00,4cd194644ea6110460da632e5a088b5311c34ff8bc878519609eb75b3ae72892
r/politics,four-class thread size,OOF labels and probabilities,Outputs/2_thread_size/politics/4_model/model_3/oof_preds.csv,616206,2025-12-08T08:07:02.247694+00:00,183875d7228868e1fc0fe68ab2d78389d6b4fe1621c5b02c662e821d2011871f
r/politics,four-class thread size,held-out probability matrix,Outputs/2_thread_size/politics/4_model/model_3/model_data/y_proba.parquet,221696,2025-12-08T08:05:04.048368+00:00,2aa15039b591cc73fd4035b9e6bcfcbca4c8f7d198c0ffac48d279dd050fede4
r/politics,four-class thread size,held-out encoded labels,Outputs/2_thread_size/politics/4_model/model_3/model_data/y_test.parquet,4946,2025-12-08T08:05:04.039651+00:00,37be83b559f417708f53e69ecce2c6efdc01ae9fcfb67abc17ca0c5f8aa63476
r/politics,four-class thread size,held-out predicted labels,Outputs/2_thread_size/politics/4_model/model_3/model_data/y_pred.parquet,4948,2025-12-08T08:05:04.041404+00:00,a9dd551413bbdc43406381d9a01347935374d03f14c1afde7e3fd3b798fb7b5b
r/politics,four-class thread size,OOF probability matrix,Outputs/2_thread_size/politics/4_model/model_3/model_data/oof_proba.parquet,1121182,2025-12-08T08:05:04.061014+00:00,5c8297cad4ee5559f6ae6f84e182f794df21d30a306bff281f7988ffc775243d
r/politics,four-class thread size,training encoded labels,Outputs/2_thread_size/politics/4_model/model_3/model_data/y_train.parquet,14839,2025-12-08T08:05:04.037890+00:00,c322ba002438a89b0ff0c42d401b5940105a3c3c2785d0fccb18d2073710707d
r/politics,four-class thread size,selected held-out predictors,Outputs/2_thread_size/politics/4_model/model_3/model_data/X_test.parquet,44772,2025-12-08T08:05:04.035062+00:00,b8b62b9521c708936b2ac7dc1f6772d2f9ac6fb80e0f54fb2c2c3037cb7670f4
