subreddit,partition,class_id,class_name,T_lower_inclusive,T_upper_inclusive,count,percent
r/Conspiracy,full,0,Stalled,1,1,1720,15.0943396226415
r/Conspiracy,full,1,Small,2,6,3331,29.2321193505924
r/Conspiracy,full,2,Medium,7,19,3163,27.7577885037297
r/Conspiracy,full,3,Large,20,infinity,3181,27.9157525230364
r/Conspiracy,training,0,Stalled,1,1,1404,15.4014918824046
r/Conspiracy,training,1,Small,2,6,2625,28.7955243527863
r/Conspiracy,training,2,Medium,7,19,2532,27.7753400614305
r/Conspiracy,training,3,Large,20,infinity,2555,28.0276437033787
r/Conspiracy,held_out,0,Stalled,1,1,316,13.8657305835893
r/Conspiracy,held_out,1,Small,2,6,706,30.9784993418166
r/Conspiracy,held_out,2,Medium,7,19,631,27.6875822729267
r/Conspiracy,held_out,3,Large,20,infinity,626,27.4681878016674
r/CryptoCurrency,full,0,Stalled,1,1,8048,54.3123228505871
r/CryptoCurrency,full,1,Small,2,10,2345,15.8253475502767
r/CryptoCurrency,full,2,Medium,11,32,2239,15.1100013497098
r/CryptoCurrency,full,3,Large,33,infinity,2186,14.7523282494264
r/CryptoCurrency,training,0,Stalled,1,1,6356,53.6190315505315
r/CryptoCurrency,training,1,Small,2,10,1835,15.4800067487768
r/CryptoCurrency,training,2,Medium,11,32,1853,15.6318542264215
r/CryptoCurrency,training,3,Large,33,infinity,1810,15.2691074742703
r/CryptoCurrency,held_out,0,Stalled,1,1,1692,57.085020242915
r/CryptoCurrency,held_out,1,Small,2,10,510,17.2064777327935
r/CryptoCurrency,held_out,2,Medium,11,32,386,13.0229419703104
r/CryptoCurrency,held_out,3,Large,33,infinity,376,12.6855600539811
r/politics,full,0,Stalled,1,1,22690,34.7244540348622
r/politics,full,1,Small,2,9,14638,22.4017874906264
r/politics,full,2,Medium,10,30,13937,21.3289870376322
r/politics,full,3,Large,31,infinity,14078,21.5447714368792
r/politics,training,0,Stalled,1,1,18814,35.9911236943796
r/politics,training,1,Small,2,9,11717,22.4145846883728
r/politics,training,2,Medium,10,30,10816,20.6909744806213
r/politics,training,3,Large,31,infinity,10927,20.9033171366262
r/politics,held_out,0,Stalled,1,1,3876,29.6579692401867
r/politics,held_out,1,Small,2,9,2921,22.3506006580458
r/politics,held_out,2,Medium,10,30,3121,23.8809396281276
r/politics,held_out,3,Large,31,infinity,3151,24.1104904736399
