subreddit,partition,eligible_roots,retained_comments,author_comparable_comments,root_author_self_comments,roots_with_self_comments,root_share_with_self_comment_pct
r/Conspiracy,full,11395,365990,365990,30362,7275,63.8437911364634
r/Conspiracy,training,9116,298441,298441,24039,5764,63.2294866169373
r/Conspiracy,held_out,2279,67549,67549,6323,1511,66.3010092145678
r/CryptoCurrency,full,14818,392671,392671,17742,3257,21.9800242947766
r/CryptoCurrency,training,11854,323610,323610,14418,2643,22.2962713008267
r/CryptoCurrency,held_out,2964,69061,69061,3324,614,20.7152496626181
r/politics,full,65343,3574447,3574447,31881,14170,21.6855669314234
r/politics,training,52274,2869597,2869597,25267,11174,21.3758273711597
r/politics,held_out,13069,704850,704850,6614,2996,22.9244777718265
