subreddit,partition,population_basis,eligible_roots,stalled_n,stalled_pct,started_n,analyzed_n,quantile_method,C_min,C_mean,C_max,C_q1,C_median,C_q3,C_p90,C_p95,C_p99,T_min,T_mean,T_max,T_q1,T_median,T_q3,T_p90,T_p95,T_p99
r/Conspiracy,full,all_roots,11395,1720,15.0943396226415,9675,11395,Hyndman-Fan type 7 / pandas linear interpolation,0,32.11847301448,2271,2,7,21,59,124,532.059999999999,1,33.11847301448,2272,3,8,22,60,125,533.059999999999
r/Conspiracy,full,started_roots,11395,1720,15.0943396226415,9675,9675,Hyndman-Fan type 7 / pandas linear interpolation,1,37.8284237726098,2271,4,10,25.5,68,148,570.780000000001,2,38.8284237726098,2272,5,11,26.5,69,149,571.780000000001
r/Conspiracy,training,all_roots,9116,1404,15.4014918824046,7712,9116,Hyndman-Fan type 7 / pandas linear interpolation,0,32.738152698552,2271,2,7,21,59,126,542.550000000001,1,33.738152698552,2272,3,8,22,60,127,543.550000000001
r/Conspiracy,training,started_roots,9116,1404,15.4014918824046,7712,7712,Hyndman-Fan type 7 / pandas linear interpolation,1,38.6982624481328,2271,4,10,26,69,154,574.780000000001,2,39.6982624481328,2272,5,11,27,70,155,575.780000000001
r/Conspiracy,held_out,all_roots,2279,316,13.8657305835893,1963,2279,Hyndman-Fan type 7 / pandas linear interpolation,0,29.6397542781922,1213,2,7,20.5,59,111.2,442.079999999997,1,30.6397542781922,1214,3,8,21.5,60,112.2,443.079999999997
r/Conspiracy,held_out,started_roots,2279,316,13.8657305835893,1963,1963,Hyndman-Fan type 7 / pandas linear interpolation,1,34.4111054508406,1213,4,9,25,65,133,528.279999999999,2,35.4111054508406,1214,5,10,26,66,134,529.279999999999
r/CryptoCurrency,full,all_roots,14818,8048,54.3123228505871,6770,14818,Hyndman-Fan type 7 / pandas linear interpolation,0,26.4995950870563,4366,0,0,15,47,91.1499999999996,368.32,1,27.4995950870563,4367,1,1,16,48,92.1499999999996,369.32
r/CryptoCurrency,full,started_roots,14818,8048,54.3123228505871,6770,6770,Hyndman-Fan type 7 / pandas linear interpolation,1,58.0016248153619,4366,6,17,41,101,187,603.309999999999,2,59.0016248153619,4367,7,18,42,102,188,604.309999999999
r/CryptoCurrency,training,all_roots,11854,6356,53.6190315505315,5498,11854,Hyndman-Fan type 7 / pandas linear interpolation,0,27.2996456892188,4366,0,0,16,49,94,381.879999999997,1,28.2996456892188,4367,1,1,17,50,95,382.879999999997
r/CryptoCurrency,training,started_roots,11854,6356,53.6190315505315,5498,5498,Hyndman-Fan type 7 / pandas linear interpolation,1,58.8595853037468,4366,6,18,42,103,185.299999999999,604.809999999993,2,59.8595853037468,4367,7,19,43,104,186.299999999999,605.809999999993
r/CryptoCurrency,held_out,all_roots,2964,1692,57.085020242915,1272,2964,Hyndman-Fan type 7 / pandas linear interpolation,0,23.2999325236167,4021,0,0,11,39,78,335.37,1,24.2999325236167,4022,1,1,12,40,79,336.37
r/CryptoCurrency,held_out,started_roots,2964,1692,57.085020242915,1272,1272,Hyndman-Fan type 7 / pandas linear interpolation,1,54.2932389937107,4021,4,15,37,95.8000000000002,188,601.58,2,55.2932389937107,4022,5,16,38,96.8000000000002,189,602.58
r/politics,full,all_roots,65343,22690,34.7244540348622,42653,65343,Hyndman-Fan type 7 / pandas linear interpolation,0,54.7028296833632,15052,0,5,24,71,169,1063.74000000001,1,55.7028296833632,15053,1,6,25,72,170,1064.74000000001
r/politics,full,started_roots,65343,22690,34.7244540348622,42653,42653,Hyndman-Fan type 7 / pandas linear interpolation,1,83.802944693222,15052,5,16,41,118,298.400000000001,1459.44000000001,2,84.802944693222,15053,6,17,42,119,299.400000000001,1460.44000000001
r/politics,training,all_roots,52274,18814,35.9911236943796,33460,52274,Hyndman-Fan type 7 / pandas linear interpolation,0,54.8953016796113,15052,0,4,23,69,165.349999999999,1062.80999999999,1,55.8953016796113,15053,1,5,24,70,166.349999999999,1063.80999999999
r/politics,training,started_roots,52274,18814,35.9911236943796,33460,33460,Hyndman-Fan type 7 / pandas linear interpolation,1,85.7620143454871,15052,5,15,41,118,304,1450,2,86.7620143454871,15053,6,16,42,119,305,1451
r/politics,held_out,all_roots,13069,3876,29.6579692401867,9193,13069,Hyndman-Fan type 7 / pandas linear interpolation,0,53.9329711531104,5249,0,8,28,78,175,1062.6,1,54.9329711531104,5250,1,9,29,79,176,1063.6
r/politics,held_out,started_roots,13069,3876,29.6579692401867,9193,9193,Hyndman-Fan type 7 / pandas linear interpolation,1,76.6724681823126,5249,6,17,43,115,278.4,1480.32,2,77.6724681823126,5250,7,18,44,116,279.4,1481.32
