relative_path,bytes,sha256
analyze_prepared_politics.py,8406,6cb4f2e013677276720dc0eb090586888a3ee9d0c213b5206bbbde2c0fd09f10
analyze_selection_sources.py,33926,b3d8b38429942d9d4382dd200ac189735aba76914c42431e427ac4b3d0d5c31b
artifact.json,51170,8c8ef1bfeaab3985af7062b2fa93be16104b3212aefc758eb23bd4cd36c81021
build_report_artifact.py,31669,7fc4940ebd7d134c51a7f5ee58c25209b6c9ad72665f7630d9bbd23e724aab5f
chart_map.md,882,993f1c5d13c1bd4d013fc4f4cb9d9622d0cca2ad8e2975bfa964bd9935a596df
compare_repeat_results.py,2578,9a9c9433192ab66b984df5a02f58fb748d663153d46e88b352432e5f964391e8
extract_workbook_thresholds.py,1558,94e5b085a1469ac3a5eb3bfe9b5bec268e30bc5e39db2df62477210275ad08d4
hash_package.py,1183,9a4624b4c941dd940195b7c6177a829103ab4460ab94f7d1542c7e2a1237d49d
metric_definitions.md,4973,2aae55a82621b6495d9497247160aaef2817b9571686a22a9467e5bde34636ad
outputs/dataset_coverage.csv,753,439a804e83fb665c1e3595614ce7cd54a5c35de953382e36fa14e605c0887313
outputs/monthly_submission_summary.csv,689,d5851283c4a1826b246f1428ec3008ef9e33f09e2fbb0dac02882afa0bf6fd02
outputs/monthly_submissions.csv,540,872ba8e8cf61629646d4151c36013a8b6a5b293fca8e5b82378ab8469bcec4d5
outputs/package_validation.csv,685,27e78346ee0f412bf8d4b293349a08130d4c25d96649e8ad7dc057f286c8dfd1
outputs/prepared_politics_account_comparison.csv,637,76d3f38b233daa675cfa84d5babafa92026b5580804afb5d97b57f6b4a60a246
outputs/prepared_politics_account_comparison.provenance.json,754,c50e5c53f20c1b904d52c1ce28140cf4f24237525953659f51c539488728c8a3
outputs/recovered_workbook_thresholds.csv,531,9af2451deaf2f5e26bc9ff6588538aabdf22e6286848ceb8ba5a5259cf419653
outputs/repeat_account_comparison.csv,2435,bc654b2a9a6446f277f6082b5c584cd8f0ee168c6618804b743952f764d4fd83
outputs/repeat_account_summary.csv,2264,13718bc888b8a9e8a4342810a749ad49114a53bba3215ba1543a86d4248d546d
outputs/report_chronology.csv,1181,d47816a4e6aca5c9013042c853220898815f213c10a37ea7b80ead308c8e7617
outputs/report_claim_summary.csv,477,24fd8d0b6bcd9ef6828f4c351811f80d58a4bb9319a73749c2ac3dca5be5315c
outputs/report_classifications.csv,1095,59519cee70f977318e129e08a07ae073ab1e08304972225bc377996b3f8bfa66
outputs/run_record.json,922,28e1ea295c2080cbe885956f1729a61b3074d9bd370ccc12f03025c547755bc4
outputs/source_inventory_computed.csv,2942,f207f29fe9588d1afc3424e8cf6a8d163f69157f4fb80c2ad6841ea32192df6c
outputs/submission_format_claims.csv,1216,2f2d7d2fc921763f7b8004026545edd5227a1283cb9c47cc753d7fe797c7b9c2
outputs/submission_format_counts.csv,3015,76f67b0270b419f0da322dec2b7a2989096f411117b9b38b6692c971630f25fb
outputs/validation_checks.csv,1615,dcc1b424dd6dd42ee438afe2ef69418d4b8a5bb0c89befe718835415b54430d0
provenance.md,10446,0dc659d24b6b052dbf43fe45965c4c402eeaf24b99006007356b7ff4ba357e4d
README.md,2850,2d8427f5c4bcc724231ffb79756b82ac9ef326e983c49ba0ea7064a4c43c6ac3
report.html,471321,52e704e4013dded0f1230f7deb02e45ac30e8b4561ae747bea0bed24adbc2df1
source_inventory.csv,14255,b2e1e80d61822bfcccf64e5878ecdf9e8d1942f435705f85cd136e49c6a76bc1
test_analysis.py,1646,f6e0e2ebc8278603057d827a7b2629be3635fa206a12bc21ab7cb2a2820274d9
validate_package.py,4582,78450fa8441aa417756f7f075b6cc9a39dbed82bc7d4ae42a26cbecd0fc4ebee
