source_id,path,kind,strongest_date,date_basis,checksum_type,checksum,schema_or_contents,period,processing_status,audit_use,access_or_safety,notes
raw_conspiracy_zip,Z:\conspiracy_oct2022.zip,ZIP containing raw 4CAT CSV,2023-01-16T17:39:21+00:00,"first Git summary proving the export had been analysed; ZIP entry timestamp is a 2025 copy date",SHA-256,93343c714106fcce2558c0ddb722f5a2f4971f1638cd496df786d54e08d82124,thread_id|id|timestamp|body|subject|author|author_flair|post_flair|image_file|domain|url|image_md5|subreddit|parent|score|unix_timestamp,2022-10-01T00:00:02Z/2022-10-30T23:59:58Z,raw collected data,used for retrospective validation,streamed from ZIP read-only,No collection receipt or pre-collection screening record was found
raw_crypto_zip,Z:\cryptocurrency_oct2022.zip,ZIP containing raw 4CAT CSV,2022-12-07T16:18:32+00:00,ZIP-entry timestamp,SHA-256,600bd320a656393fc5082d987d794be7a95e9a7249fe1816bd749c137df81401,thread_id|id|timestamp|body|subject|author|author_flair|post_flair|image_file|domain|url|image_md5|subreddit|parent|score|unix_timestamp,2022-10-01T00:00:04Z/2022-10-30T23:59:50Z,raw collected data,used for retrospective validation,streamed from ZIP read-only,First combined-analysis Git summary is dated 2023-01-16
raw_politics_zip,Z:\politics_nov2020.zip,ZIP containing raw 4CAT CSV,2021-11-18T14:23:14+00:00,ZIP-entry timestamp,SHA-256,6113d613f1a3431664712183254a3e11d1d7a7a801725cee7cb950c81e3c9770,thread_id|id|timestamp|body|subject|author|image_file|domain|url|image_md5|subreddit|parent|score|unix_timestamp,2020-09-30T23:00:02Z/2020-11-19T23:59:58Z,raw collected data,used for retrospective validation,streamed from ZIP read-only,Supports earlier separate r/politics collection
prepared_politics_csv,Z:\thread_size_prediction\politics_cleaned_data.csv,prepared CSV,2022-04-07T10:25:21+01:00,filesystem timestamp preserved on shared source,SHA-256,5769e3907eda597a135fec45207022f3845de0569cec187bbe29dfe4250273a8,thread_id|id|timestamp|body|subject|author|image_file|domain|url|image_md5|subreddit|parent|score,2020-09-30/2020-11-19,cleaned study data,used for workbook comparison,streamed read-only,Totals match the workbook but the repeat-account percentage does not
politics_author_aggregates,"L:\Documents\r_politics_dataset\r_politics_dataset\posts_author_data.csv | comments_author_data.csv | overall_author_data.csv",three prepared account-level CSVs,2022-06-15,filesystem timestamps on Linux source,"SHA-256 (posts; comments; overall)","968dfc9d1ed1dde2b55b2ce54f942874cc229dd55584aa4b44f0bf6fab388e34; c37080e0a5ee1daad4f0e2a5eeeea70e252367d8313b10225773c4685b143bc5; be1fc600233bac8f38b7d949fd02d51811612b74f3ca68545d2404398f5d5bd2",author|counts|mean score|mean subject_sentiment_score|mean body_sentiment_score|var score|var subject_sentiment_score|var body_sentiment_score|median score|median subject_sentiment_score|median body_sentiment_score,2020-09-30/2020-11-19,preliminary r/politics analysis,used as dated preliminary-analysis evidence and repeat-account cross-check,read-only aggregate scan; account labels not emitted,"Overall file has 587126 accounts and 6428330 contributions; 347231 accounts have >=2 contributions (59.1408%), matching the cleaned-data audit rather than the later workbook"
politics_activity_notebook,L:\Documents\r_politics_dataset\r_politics_dataset\descriptive_stats.ipynb,executed Jupyter notebook,2022-05-09T18:39:53+01:00,filesystem timestamp on Linux source,SHA-256,dad750a90616574e94b08b4ffcce9936c24b4642be674f83575e92dbbeaafa08,code groups clean_data by observable account label and saved aggregate activity-frequency output,2020-09-30/2020-11-19,preliminary r/politics analysis,recovered original preliminary account-activity calculation,notebook JSON inspected without execution; code and aggregate output only,"Saved output reports 239895 of 587126 accounts with one contribution; complement is 59.1408%; no link to three-subreddit selection is recorded"
local_october_csv_placeholders,"C:\Users\snuzz\OneDrive\Documents\PhD\reddit_analyses\subreddit_data\conspiracy_oct2022.csv | cryptocurrency_oct2022.csv",OneDrive placeholder CSV copies,2025-01-04,copy metadata only,not_computed,,same expected 4CAT schema,2022-10-01/2022-10-30,raw-data copies,not used,offline/reparse placeholders,Present-day filesystem dates are not collection evidence
corrupt_subreddit_archive,C:\Users\snuzz\OneDrive\Documents\PhD\reddit_analyses\subreddit_data\subreddit_data.zip,incomplete ZIP copy,2025-02-20T14:09:04+00:00,filesystem copy timestamp,SHA-256,f4902517b8161d5be84b853e8fb237a1ded20169432a8c36e663d3ddca9ff06,ZIP central directory missing,unknown,unusable raw-data copy,not used,safely inspected as container; not extracted,Exact missing evidence is a complete central directory or recoverable original copy
initial_dataset_summary_csv,thread_size_prediction git f44ea082:dataset_summaries.csv,aggregate CSV,2023-01-16T17:39:21+00:00,Git commit time,Git blob SHA-1,610b08c2d5c5759ab16790bc970de22b6fe3baf0,rows|comments|posts|start_time|end_time|total_time|unique_authors|unique_post_authors|unique_comment_authors|unique_domains|bot_posts|bot_comments|deleted_comments,"Oct 2022 for books/conspiracy/crypto; May-June 2019 for TheDonald",preliminary comparative analysis,used for chronology and count cross-check,safe text read from Git,Contains four candidate subreddits but not politics
initial_dataset_summary_ods,thread_size_prediction git f44ea082:dataset_summaries.ods,aggregate workbook,2023-01-16T17:39:21+00:00,Git commit time,Git blob SHA-1,243a32445fef3ff348fc55474c9347800ee11b0f,dataset_summaries|top_5_authors,"Oct 2022 and May-June 2019",preliminary comparative analysis,used for chronology,safe ODS structure inspected,No author-threshold sheet
politics_combination_commit,thread_size_prediction git 30deca2,Git commit and notebook state,2023-02-07T15:06:51+00:00,Git commit time,Git commit,30deca2d6971c333f98b0a4df42b3eade338c62c,1_clean_datasets.ipynb plus dataset summary changes,study periods,early combined study data,used for chronology,notebook JSON inspected without executing,Commit message says added r/politics to datasets
first_xlsx_summary,thread_size_prediction git b5d83cc:dataset_summaries.xlsx,aggregate workbook,2023-05-29T17:17:07+01:00,Git commit time,Git blob SHA-1,5ed449b751286597119689c02c5a529a867e6388,dataset_summaries|top_5_authors|datasets_post_cleaning|Orphaned entries|thread_data|failed threads,study periods,later study summary,used for chronology,safe XLSX inspection,Author thresholds sheet absent
threshold_workbook_git,thread_size_prediction git bb17080:dataset_summaries.xlsx,aggregate workbook,2023-08-01T17:24:21+01:00,first Git state containing Author thresholds sheet,Git blob SHA-1,5edef4892978df8d04109f324f8baf535409c257,adds Author thresholds with subreddit and % authors with 1 activity,study periods,later study summary,recovered threshold values only,safe XLSX inspection; values not formulas,First dated threshold artifact is after collection
threshold_workbook_current,C:\Users\snuzz\OneDrive\Documents\PhD\reddit_analyses\thread_size_prediction\dataset_summaries.xlsx,current later workbook copy,2025-08-08T15:21:23+01:00,filesystem copy timestamp,SHA-256,38b3a00ce3e31c07da2c89927640de795c836ddc33c2cc7781e918b93752da,seven sheets including Author thresholds,study periods,later study/modelling summary,used only to read preserved threshold values,safe XLSX inspection,Git history provides the stronger 2023 date
historical_author_exclusions,thread_size_prediction git f44ea082:authors_to_remove.csv,cleaning-rule CSV,2023-01-16T17:39:21+00:00,Git commit time,"SHA-256; Git blob SHA-1","b267d310cdffc8ce17a41ea10e552c6e6481774684e60a99b01c12566854bb9c; 946bea33ffb3aa201676daa585ad75b7bcea6d68",author|to_remove|note|books|conspiracy|crypto|thedonald,not applicable,cleaning rule record,used for repeat-account sensitivities,parsed in memory; labels never output,No politics column
cleaning_notebook,thread_size_prediction git 30deca2:1_clean_datasets.ipynb,notebook source,2023-02-07T15:06:51+00:00,Git commit time,Git blob SHA-1,b8c9dae77bd08a9c34f4098e9e6d6a296bb016f2,documents missing-field checks and author-removal application,study periods,cleaning code,used to interpret exclusions,JSON code cells inspected; notebook not executed,Does not recover a politics-specific exclusion rule
threshold_named_notebook,thread_size_prediction git bfa291b:20_add_author_thresholds.ipynb,notebook source,2023-06-21T13:16:46+01:00,Git commit time,Git blob SHA-1,eb1425e3c37029bbbc30f68fec9010585e8ab402,regression notebook body using pickle inputs,not applicable,later modelling code,used as negative provenance evidence,JSON code cells inspected; pickle calls not executed,Despite its filename and commit message it contains no threshold calculation or workbook write
unsafe_pickle_family,"Z:\thread_size_prediction\datasets.p | cleaned_datasets.p | clean_thread_data.p | thread_data.p | regression_thread_data*.p",pickle datasets and model inputs,2023-01-10 onward,filesystem and Git references,not_computed,,untrusted serialized Python objects,study periods,raw/prepared/later modelling data,not used,not loaded because provenance and arbitrary-code risk were not justified,CSV/ZIP sources were sufficient for aggregate validation
uncertain_methods_note,thread_size_prediction git c40a299:main_results.md,research note,2023-09-25T17:44:50+01:00,Git commit time,Git blob SHA-1,3bf681e782b24fce6da81fb3401df322a6b539a0,notes that politics summaries may need rerunning and asks what author thresholds were used,not applicable,later research note,used for provenance assessment,safe text read,Contemporaneous uncertainty weighs against a recovered original method
first_selection_prose,old_thread_start_paper git d3a87e0:first_draft.tex,paper draft,2024-09-17T20:05:29+01:00,first located Git commit containing the criteria,Git blob SHA-1,0e279c88823f91df3b5cb3fd06de406eb7b1a4af,prose selection claim naming five collected candidate subreddits,not applicable,later paper prose,used to date first recovered claim,safe text read,More than a year after the threshold workbook and almost two years after October collection
published_manuscript,"C:\Users\snuzz\OneDrive\Documents\PhD\abstracts, applications, papers, reports\thread_size_prediction\reddit_discussion_paper\manuscript.tex",paper source,2025-02-11T20:32:42+00:00,repository first commit; current file modified 2026-03-04,SHA-256,2e3c5b2cd9a7873866909cdcce191a5eb647c68b58c56ad7892b264b24ad55c4,published selection statement and cleaned dataset table,not applicable,published/later prose,claim under audit,safe text read,Not evidence of the original calculation
thesis_briefing,"C:\Users\snuzz\OneDrive\Documents\PhD\abstracts, applications, papers, reports\thesis\notes\chapter4_thread_engagement_author_briefing.md",thesis briefing note,2026-08-27T17:10:58+01:00,filesystem timestamp,SHA-256,301ac2af4d1029c091c871dbda19814a69869ed639791921c6eee1f3c61cc509,reports final claims and links the canonical selection-provenance audit,not applicable,later thesis note,context and thesis-facing audit pointer,safe text read,Updated without changing active thesis prose
thesis_selection_provenance_note,"C:\Users\snuzz\OneDrive\Documents\PhD\abstracts, applications, papers, reports\thesis\notes\chapter4_subreddit_selection_provenance.md",thesis author provenance note,2026-08-27T17:10:38+01:00,filesystem timestamp,SHA-256,683280e6c146ac8f62c026e8b372474dc11bbcf16e995741b0190d00f6a9574f,claim-status table thesis-safe wording and viva questions,not applicable,later thesis note,thesis-facing interpretation of canonical audit,safe text read,Does not alter chapter prose or duplicate aggregate outputs
primary_repository,C:\Users\snuzz\OneDrive\Documents\PhD\reddit_analyses\thread-size-1,Git repository,2025-11-13T16:44:40+00:00,first commit,Git commit,a55f090c0248ee0003b01073724cc2ed400ca4b6,later preprocessing modelling and result code,study periods,later modelling data/code,used to establish absence of study-era provenance,read-only history audit,Repository begins years after selection and collection
later_media_flags,C:\Users\snuzz\OneDrive\Documents\PhD\reddit_analyses\thread-size-1\0_Preprocessing\1_construct_features.py,Python source,2025-12-03T21:17:34+00:00,filesystem and Git-era date,SHA-256,1fffcbe369982951d993e86bd4fb9d770ee06439f3c12a736078ce560f247c64,i.redd.it and v.redd.it feature flags,study periods,later modelling code,not used as sole format evidence,safe source inspection,Host flags are incomplete for media hosted elsewhere
fourcat_installation_note,L:\Documents\r_politics_dataset\4CAT installation ubuntu.md,installation note,2022-10-18T18:37:59+01:00,filesystem timestamp on Linux source,SHA-256,05bc521ecbfcf1b36f3f52493a4348ef16bba177cec6f88729ce3191c096a8cf,records Docker installation and successful sudo docker-compose startup/login through the web interface,not applicable,collection setup record,used to bound 4CAT setup chronology,read-only text inspection; no credentials present,Installation success is evidence of collection capability by this date but not a screening calculation or export-job receipt
fourcat_code_tree,L:\Documents\4cat-master,4CAT installation tree,2022-10-13/2022-10-18,source-file and .env timestamps,not_computed,,4CAT source plus Docker Compose definitions for PostgreSQL and named data/log volumes,not applicable,collection setup,used to identify expected job-record locations,read-only source inspection; .env values not exposed,Named Docker volumes were outside the source tree; no study-specific log was present in the tree
fourcat_docker_archive,L:\.docker\desktop\vms\0\data\Docker.raw,archived Docker Desktop raw disk image,2022-12-07,filesystem timestamp on Linux source,not_computed,,MBR disk image with ext4 partition; archived /docker container and named-volume directories were empty at final state,not applicable,collection environment archive,read-only bounded job-log recovery attempt,temporary sparse partition copy inspected with debugfs and removed; source image unmodified,"No 4CAT job database, container metadata, or export receipt was recovered; a bounded string scan was stopped after producing no matches, so deleted-data recovery was not claimed"
