claim,classification,finding
Earlier separate r/politics collection and preparation,Recovered chronology evidence,Supported
Preliminary r/politics repeat-account calculation by May 2022,Recovered original preliminary calculation,59.14%; not documented as a selection calculation
All three criteria applied before study-specific collection,Unresolved,Not supported by recovered dates
Preliminary r/politics analysis used for final subreddit selection,Unresolved,Analysis recovered; decision link absent
External statistics used for screening,Unresolved,No positive evidence recovered
Workbook complements exceed 50% for selected three,Recovered original summary artifact,Values recovered; calculation not recovered
Full-period repeat-account rule exceeds 50%,Sensitivity analysis under a newly defined rule,Holds in all three raw exports
Predominantly not image/video,Sensitivity analysis under a newly defined rule,Holds under lower/upper-bound rules
"Over 1,000 in every complete month",Retrospective validation using later study data,Holds for politics; unresolved for the two October exports
