subreddit,classification_rule,category,reason,root_submissions,percent_of_roots
conspiracy,metadata_inclusive,external_article_or_link,external_nonmedia_host,2257,19.735921650926898
conspiracy,metadata_inclusive,image,image_url_or_host,2479,21.677159846100036
conspiracy,metadata_inclusive,self_text,body_without_url,33,0.2885624344176285
conspiracy,metadata_inclusive,self_text,self_domain,4855,42.45365512416929
conspiracy,metadata_inclusive,unknown,insufficient_metadata,8,0.06995452955578874
conspiracy,metadata_inclusive,unknown,internal_reddit_nonmedia_unresolved,404,3.5327037425673313
conspiracy,metadata_inclusive,video,video_url_or_host,1400,12.242042672263029
conspiracy,url_domain_only,external_article_or_link,external_nonmedia_host,2257,19.735921650926898
conspiracy,url_domain_only,image,image_url_or_host,2479,21.677159846100036
conspiracy,url_domain_only,self_text,self_domain,4855,42.45365512416929
conspiracy,url_domain_only,unknown,insufficient_metadata,41,0.35851696397341726
conspiracy,url_domain_only,unknown,internal_reddit_nonmedia_unresolved,404,3.5327037425673313
conspiracy,url_domain_only,video,video_url_or_host,1400,12.242042672263029
crypto,metadata_inclusive,external_article_or_link,external_nonmedia_host,5962,40.169788438215875
crypto,metadata_inclusive,image,image_url_or_host,1310,8.826303732650587
crypto,metadata_inclusive,self_text,body_without_url,10,0.06737636437137852
crypto,metadata_inclusive,self_text,self_domain,7012,47.24430669721062
crypto,metadata_inclusive,unknown,insufficient_metadata,14,0.09432691011992993
crypto,metadata_inclusive,unknown,internal_reddit_nonmedia_unresolved,80,0.5390109149710282
crypto,metadata_inclusive,video,video_url_or_host,454,3.058886942460585
crypto,url_domain_only,external_article_or_link,external_nonmedia_host,5962,40.169788438215875
crypto,url_domain_only,image,image_url_or_host,1310,8.826303732650587
crypto,url_domain_only,self_text,self_domain,7012,47.24430669721062
crypto,url_domain_only,unknown,insufficient_metadata,24,0.16170327449130845
crypto,url_domain_only,unknown,internal_reddit_nonmedia_unresolved,80,0.5390109149710282
crypto,url_domain_only,video,video_url_or_host,454,3.058886942460585
politics,metadata_inclusive,external_article_or_link,external_nonmedia_host,62822,92.49411071849235
politics,metadata_inclusive,image,image_url_or_host,134,0.1972909305064782
politics,metadata_inclusive,self_text,self_domain,431,0.6345700824499411
politics,metadata_inclusive,unknown,internal_reddit_nonmedia_unresolved,343,0.5050058892815077
politics,metadata_inclusive,video,video_url_or_host,4190,6.169022379269729
politics,url_domain_only,external_article_or_link,external_nonmedia_host,62822,92.49411071849235
politics,url_domain_only,image,image_url_or_host,134,0.1972909305064782
politics,url_domain_only,self_text,self_domain,431,0.6345700824499411
politics,url_domain_only,unknown,internal_reddit_nonmedia_unresolved,343,0.5050058892815077
politics,url_domain_only,video,video_url_or_host,4190,6.169022379269729
